alpha phi1 phi2 phi3 theta1 theta2 theta3
-1.33024483825052 0.0301717781018268 0.307050995878697 0.254487701791069 -0.0796081251753726 -0.0285450946025516 -0.0339452801784386
-1.30951551902441 0.0182925191570322 0.330846905866865 0.248269551004433 -0.0897296104447431 -0.0360838363770841 -0.0168639604426394
-1.33242063553647 0.0401692775806749 0.326692586416479 0.222695886532735 -0.0974142233248171 -0.0318088069042946 0.0136018089573046
-1.21958403394259 0.0144260722070995 0.385462713144292 0.22515029216885 -0.0886892288582065 -0.0900290845310015 0.00662057340363816
-1.20066653357209 0.00987356438032415 0.353163422330158 0.265915132998119 -0.0892968634151072 -0.0638397852281488 -0.02256345887395
-1.1877411202818 -0.00508743168751898 0.380393245377783 0.258211438966901 -0.064038437640285 -0.0746021261852663 -0.00679282661136991
-1.09693739043077 0.0105880573100562 0.365121250184615 0.285124679372716 -0.091549814746252 -0.0624847230031707 -0.0451964111458605
-1.20550890169671 -0.0158184065865299 0.364892906946413 0.278815861921816 -0.0599982277491206 -0.0704271425244288 -0.0335586406480628
-1.19639254634057 0.00604563119247626 0.351445490782619 0.274426161599423 -0.0890706734276472 -0.0746024592350174 -0.0358500013501093
-1.1732649187307 -0.00336360557924514 0.355606934376352 0.285007088728845 -0.0695171248266268 -0.0641628261482623 -0.0404425457950985
-1.16270118558615 0.0404582161285941 0.343540141243686 0.25699059573233 -0.109199767830234 -0.0593202145452338 -0.0147355637394106
-1.30207932475787 0.0411558045153883 0.349101000947148 0.208108224011386 -0.118685949958558 -0.070951120883964 0.0480171232946577
-1.233831755163 0.00302607821017391 0.350873978187496 0.266902055137903 -0.0631102462349283 -0.0634818742050801 -0.0340451441700495
-1.20417047272634 -0.000159107208502685 0.406997445538275 0.220249145024552 -0.0644517680465318 -0.13067181515814 0.033372692457365
-1.29011836747851 0.0549588856526532 0.317403821641526 0.230739069164506 -0.116870266449907 -0.0354251244551301 -0.00255048763613466
-1.17785972414612 0.0477253118412064 0.314667773034018 0.274314240691377 -0.123335827502239 -0.0441697827067454 -0.0382376975360184
-1.18419980964109 0.0266285580819953 0.317842017913218 0.291036058437137 -0.105256004209114 -0.0337143409816691 -0.0413164945070132
-1.18483638480802 -0.00884314643270701 0.355697349777424 0.288504592144441 -0.0770405559009807 -0.0604578437612545 -0.0399334641110299
-1.2703676150462 0.0567152322812582 0.338904184643899 0.211673546261421 -0.113033694215613 -0.0434820093085414 0.0309231495339454
-1.26289967076388 0.000217894792903009 0.365983588349339 0.245126962590526 -0.0698996674370299 -0.0776644680170781 0.00301155064284878
NA NA NA NA NA NA NA
-1.25511683535441 0.0224937030422296 0.328574442906218 0.263336360608951 -0.0913895590705545 -0.0321943829221471 -0.0287459509344364
NA NA NA NA NA NA NA
-1.31586112430585 0.0596195473398498 0.335023789187503 0.200197610335607 -0.109674036713967 -0.034990722512025 0.0333749173773163
-1.2827957188289 -0.00457889018148775 0.384368044928614 0.225693142726011 -0.065774360105508 -0.107316631959176 0.0175733135809082
-1.1165038031091 -0.00113581269355036 0.380707724357954 0.275950771783542 -0.0961807867562274 -0.0908040891045963 -0.0306950536316599
-1.24076450689023 0.0147208159012584 0.325030728369564 0.278434340625991 -0.0799121160438207 -0.033467380837031 -0.0284263820244855
-1.24629376782163 0.00609531219502668 0.325731785650512 0.285293187962901 -0.0681588243691209 -0.0416380083221299 -0.0553695807846009
-1.14595836217615 0.0199462387935284 0.360827210380519 0.264897124048609 -0.0950671200097127 -0.0751893601350766 -0.014268031663033
-1.25026232471089 0.0396466116973754 0.366716726019696 0.210619261779502 -0.110625633130817 -0.083916105208995 0.028994887482345
-1.19474733588708 0.0546253405326023 0.352608601788876 0.225004190536811 -0.126704570156697 -0.0569060812067169 0.0346270752671075
-1.33938155552256 0.0374397475292958 0.326759975954328 0.222421202567326 -0.0953184452621856 -0.0355621317289256 0.0268629679082614
-1.2636155520304 0.0210834145932466 0.340679192960435 0.247894448038574 -0.0991904460098445 -0.054355090609104 -0.0122722567872699
-1.13972113004133 0.0194166718749782 0.339133886013365 0.289398567860046 -0.0816765512512496 -0.0640243990327762 -0.0520371732147831
-1.24973819967719 0.0768393459074874 0.330760815097933 0.206570048521844 -0.13909554464174 -0.0387044752130112 0.0463818400169193
-1.22036413270313 0.0542015079294628 0.313122151627602 0.256437460931195 -0.11022655874228 -0.0215098330682409 -0.0172676987719199
-1.20392589302245 -0.0093648830948273 0.378959835714856 0.259286746532803 -0.0572400508841602 -0.0800300513037377 -0.0331085987985794
NA NA NA NA NA NA NA
-1.16326383390302 0.0348542697397158 0.341207440918364 0.265037305303845 -0.0965749751071207 -0.0457589878978968 -0.0294009849506395
-1.24196913045184 0.0089845277103425 0.361149876638461 0.247161739810319 -0.0769195398146223 -0.0833055599862512 -0.0128620620792142
-1.27674559589419 0.038362713644254 0.336975636343976 0.234942181349097 -0.102962996488493 -0.0528692276764824 -0.00065201561811587
-1.28941052724686 -0.0114447553698972 0.342685869628897 0.272564108803537 -0.0534640243590639 -0.0575330885303229 -0.0309264760324018
-1.15093678110065 0.0301357211648881 0.334965381945458 0.280768767013325 -0.1022294659276 -0.0489884324286998 -0.0344718479367217
-1.21348816354049 0.0109475000668077 0.352518348676648 0.262827823764184 -0.0943354916463994 -0.0730169482762157 -0.0245158851614458
-1.19462700240329 0.0505717006378686 0.326372874625531 0.255041553403768 -0.110306279689811 -0.0435560858201843 -0.0142265980392748
-1.26309808756186 0.0102919554799998 0.363709691292985 0.238300620161498 -0.0865607346425018 -0.0700393027905517 -0.00011440462588534
-1.02987948422782 0.0547525012569975 0.33625409763049 0.289689102399086 -0.143380623866821 -0.045700115611238 -0.0370533668011398
-1.24847855824703 0.0496639193888214 0.346396510972169 0.217816812405305 -0.0967395898611205 -0.0521964659151289 0.0229684568040509
-1.26945528147177 -0.0057433172824169 0.367057424399333 0.246207629683978 -0.0661339039329355 -0.0711909386635159 -0.0109445629618653
-1.06731253410156 -0.00189809460630149 0.400894248586677 0.271795623070351 -0.0701200460048804 -0.117173907904928 -0.0261627803791629
-1.23832167797132 0.0404381860917151 0.289194620361515 0.287202769288499 -0.0951293387925992 -0.0077201330603398 -0.0501256841930876
-1.28040478656851 0.00541793108062562 0.374403360254512 0.226116590313675 -0.0786969759259823 -0.0826298332404487 0.0244833390759888
-1.15412012950339 0.0471360249608163 0.353822255776469 0.243145562686334 -0.11593909494036 -0.073946430650979 0.006717074875519
-1.2639804188763 0.00772370921832381 0.375578080863756 0.228301044721088 -0.0725171040224445 -0.088977672146353 0.000114610479804361
-1.08695115677205 0.0315902071927047 0.369477982217321 0.263805795908774 -0.115055682209218 -0.0727653030111554 -0.00844478778231879
NA NA NA NA NA NA NA
-1.24346949260415 -0.000263093134452863 0.356948268697125 0.259624579386504 -0.0854655096558605 -0.0768102379217377 -0.0136691625730918
-1.25250922436995 0.00251801917139327 0.343193923769908 0.26674562886177 -0.0677556510075778 -0.0534141956126415 -0.00588562336132691
-1.35657092748542 0.053071617334762 0.317311109280268 0.213160273408069 -0.101319016919275 -0.0299454734459815 0.0195947449660153
-1.21310106411756 -0.00681258080472732 0.323549703053956 0.310335950522882 -0.0597887191944238 -0.0418926899361793 -0.0675204615203771
-1.29354071968048 0.0504145027758541 0.31671862081282 0.23575446302865 -0.100658246744755 -0.0295617713274379 0.00552450316566219
-1.21019104315177 0.0420300444491985 0.335854162664316 0.250161749505056 -0.110657367625023 -0.0426221361113612 -0.0135278792415668
-1.13031950401801 0.00637977917436581 0.353840412480576 0.291146968883654 -0.0738339898695009 -0.0682469183865433 -0.0515517640651958
-1.20983161208084 0.00272493492444782 0.381411498890823 0.243038013482073 -0.0667672636017879 -0.101847098578822 -5.53998400619262e-05
-1.18260292221665 0.0172027391917057 0.37096833440792 0.248703822161668 -0.0859208998136062 -0.0944858508658363 -0.013741159150791
-1.24873577933816 0.0507913558547771 0.330747358813259 0.233915523893753 -0.116737248173164 -0.0529236519626848 0.0170124354063167
-1.26298087356832 -0.0111891349560595 0.359663082657792 0.262423083430872 -0.0626428821571944 -0.0698572914768413 -0.0219369280440078
-1.17189428761402 0.0207058642304208 0.376562179949975 0.241180532238631 -0.0944666015135709 -0.100433884388655 -0.00480798432554302
-1.27449719199321 0.0372023980666764 0.344326429091073 0.225779915634218 -0.0897915100621017 -0.0556592448242089 0.011565388285398
-1.31467730499857 0.056986855783952 0.300109352848439 0.238481690823617 -0.110254283038834 -0.0175637529588035 0.0203190703238525
-1.15772052818945 0.045378400257857 0.348227099738442 0.247115694196466 -0.108429309581543 -0.047635376477434 -0.00217804832146383
-1.31427672910587 0.0148195573237939 0.355339386892765 0.226796283285655 -0.0585242317261648 -0.0682407231207484 0.00707130890875471
-1.24208750882972 0.0225198044162699 0.326611706981836 0.267081232305386 -0.0808478431987476 -0.014418444581721 -0.0330835707031257
-1.2023782390593 0.0480140698118824 0.366462693918829 0.217110808141711 -0.109574817399934 -0.102789473376758 0.0124946809642544
-1.28230320923126 0.0108354773546481 0.336374034439412 0.257287658129436 -0.0920607094753285 -0.040922795080516 -0.0101428145787976
-1.16431134888338 0.0105151971592401 0.352153678191908 0.279881020463077 -0.0947978958529065 -0.0635346725748926 -0.0422759538784789
-1.28381188451709 0.0368615155869394 0.341206048042204 0.227541165358576 -0.0950448761832378 -0.0546878404201281 0.0176785215908078
-1.22178682820075 0.0142971863991993 0.387841120396237 0.221861614525849 -0.091863799792554 -0.105268947549809 0.0184298487842293
-1.41429719208692 0.0541949502013857 0.285714378690565 0.224939505219694 -0.121587763702094 0.0209442711254757 0.0207343565910401
-1.17786973289454 0.0403092928904059 0.38661404254615 0.210615918402096 -0.115587982026742 -0.107537318168986 0.0366766345805602
-1.19588282621214 0.00289184879789898 0.356063165760363 0.272736082884109 -0.0758586997206194 -0.0645593376864889 -0.0241415539277732
-1.14454940481917 0.00262951986120065 0.372569742783198 0.271330138560272 -0.0825883010692284 -0.0812921460956398 -0.0221298459946511
-1.36992458872926 0.0683690055675364 0.309777757023926 0.199354054942639 -0.114659182085196 -0.0178857019522355 0.0463097983672655
-1.19786369507932 0.0334862767838267 0.374886336628058 0.220680436231756 -0.0936209392026197 -0.0763828692878501 0.00628306172374765
-1.12147516054494 0.0339503783126082 0.348682255311581 0.270056349252541 -0.105929236059968 -0.0668246301318126 -0.0155438767152915
-1.16115068668129 0.00919101806370161 0.387820457070153 0.244649676281394 -0.101759626869557 -0.0959639479547765 0.00311114413286231
-1.23126468682723 -0.00710019732740249 0.405238574296115 0.222253264456678 -0.0808750950643785 -0.112522995762258 0.00147052667985322
-1.16865773837253 -0.00895272048196952 0.378483023345557 0.269965916072157 -0.0713744563669372 -0.093888952964787 -0.0331197020186924
-1.14199367143754 0.00253467627810931 0.343992822808368 0.300676468642433 -0.0730410861233602 -0.0659419700086677 -0.0506550996807002
-1.16409534973032 0.00339865056873768 0.357671597887565 0.278590345705832 -0.0694094384785055 -0.0688222176568972 -0.0477198392304772
-1.263147300909 0.0315466806023753 0.334588545670258 0.244919425824619 -0.111276854631229 -0.0353723052129523 -0.00473464996796424
-1.22563553924745 0.0079092005733567 0.356816084351586 0.259333880534328 -0.0874817566621546 -0.0814570738817515 -0.0198104169030498
-1.15540424136359 0.0498565995433985 0.330010040862855 0.261594501950077 -0.132102730079419 -0.0248674015633478 -0.00748357375652778
-1.24771155073601 0.0156084335769364 0.330886423126619 0.269706547116097 -0.0851118816152478 -0.0486401018071314 -0.0300433144346651
-1.2916070407502 0.00163034200673505 0.350677708775778 0.249555289107202 -0.0882050803728101 -0.0689667814287269 -0.0172246870191484
-1.31824827526802 0.0374877785588449 0.315281719270152 0.243008640593316 -0.0891518185069023 -0.0243190553612631 -0.0101395725770235
-1.16905882490782 0.014230131959124 0.354591912326012 0.271799961723246 -0.0813555367139116 -0.0683845090973681 -0.0183777454527066
-1.20037955485525 0.050811764670897 0.333665976400138 0.246496578032477 -0.123554119307335 -0.0473613878071182 -0.00342539599058209
-1.27776939936648 0.0317267367737189 0.324115261305756 0.248583444962742 -0.0960797448601283 -0.0209390408099818 -0.00536407742635129
NA NA NA NA NA NA NA
-1.24058181713379 0.022458633445192 0.342650736400979 0.252358704072373 -0.0909736428783023 -0.0481631189577211 0.00486717836841165
-1.21388823244958 0.0113006848806198 0.341415146037494 0.274073516013976 -0.0927370208499837 -0.0665586061089648 -0.0415417813627414
-1.28997831660628 0.0557099457342323 0.332553857497664 0.215321653242988 -0.126402034661484 -0.0393962901668889 0.0297574608447733
-1.35251006863278 0.0480745055741967 0.31383418145328 0.221371203281011 -0.111418444522348 -0.0300416571954406 0.011492831484623
-1.26589662380494 0.0397719411082383 0.292407684998072 0.277843472013465 -0.0919415306319337 0.0106828269976809 -0.0286151348729419
-1.26545834128625 0.0309579081424357 0.331594889499067 0.249004052770595 -0.0886312789417155 -0.0350850602194171 -0.0114737022112866
-1.28764082629909 0.0188650042140381 0.34425296745076 0.2383256291791 -0.0702388211279972 -0.0365452264962801 0.00166035525687344
NA NA NA NA NA NA NA
-1.29616792078661 0.0293060065806861 0.339693650588095 0.233360203848352 -0.0986369503680409 -0.0455416932867433 0.00241384809606006
-1.372334847481 0.051582688121678 0.293523445554903 0.23157075228824 -0.115141688672292 -0.0026173903528643 0.00641647377436451
-1.19205658062045 0.00667924867462594 0.386100120452869 0.239850908941525 -0.0876046705334986 -0.0834656847242534 -0.00881563831014606
-1.29597559514278 0.0427400619747045 0.33484494187125 0.223997131440763 -0.106500512358896 -0.0357267999558814 0.0155064363291194
-1.05314543644108 0.048629919928377 0.357180742882612 0.267262461865059 -0.113237481582046 -0.0637987367175454 -0.0349083701712399
-1.22555848031536 0.00908363794932815 0.363154520882264 0.249162022447541 -0.0734902585684716 -0.0771352553449391 -0.00702906104395327
-1.18465709553859 0.0449833216433661 0.359590368081509 0.229033123974247 -0.109029121035382 -0.0612780361868807 0.0226800980663746
-1.26782193205797 0.00437254793393703 0.346372405529435 0.258367628522406 -0.0763257943931882 -0.0666397533262748 -0.0160551321626857
-1.16148793605752 -0.0372280695808224 0.391834603652416 0.289296582348628 -0.0430349430776161 -0.116313066192411 -0.0394016613355619
-1.17994680771364 0.0440399886873058 0.387326693471124 0.205358601196269 -0.0938222673048869 -0.0826918703289216 0.0365275053060609
-1.16341536119823 0.03227089620034 0.35654589435133 0.251691900023245 -0.111832415320586 -0.0723522000631099 0.00461316487929304
-1.28223451701469 0.0347893265960528 0.340494972187264 0.231150334740984 -0.0862426828451642 -0.0510676567633014 -0.0107802313512486
-1.26624383341469 0.0482730115329585 0.328422466072444 0.23044946413792 -0.115654506439478 -0.0369601766669271 -0.00401803914369447
-1.29596054106199 -0.00727648787949747 0.318290266968771 0.290401720104926 -0.0647650084692819 -0.032715305161566 -0.0519094236603208
-1.09647884407673 0.00748426172411081 0.376217819911125 0.278210188544103 -0.0868707898334569 -0.0853759156162724 -0.03919333359692
NA NA NA NA NA NA NA
-1.22195265735266 0.0774025813672222 0.33396182411572 0.211657656027235 -0.134214051111195 -0.0518371786937199 0.0347454565449152
-1.08670905973007 -0.0213923861325239 0.350102100989679 0.336113692980738 -0.0753357799880233 -0.0476686395632392 -0.105746593223316
-1.1389771119419 0.0341516769632894 0.3535275209741 0.261525690503904 -0.104921520298393 -0.0911635846271294 -0.0156480211102202
-1.11498660977188 0.0272398558356413 0.319612603925598 0.309257156700224 -0.0946040096456351 -0.0191811007172653 -0.0917981901957248
-1.17017108320291 0.018401986705496 0.36980320680602 0.249120268795653 -0.0957650898895527 -0.0689363142814816 -0.0154873203659038
-1.23416836059061 0.0529155849736549 0.32750614835603 0.235678927775188 -0.121217657844696 -0.0338736174600154 0.0150347078244422
-1.27192090966967 -0.0211444394676652 0.331347695323692 0.297897243543913 -0.0720333829656135 -0.045514890962201 -0.0559929479292126
-1.29809095386785 0.0393528339579079 0.309822715985969 0.251436955924408 -0.0990573504686138 -0.0412048573683466 -0.0135350729772308
-1.13257086034837 0.000792648661551318 0.351814753706625 0.297893337401823 -0.0815284688314351 -0.054828329408052 -0.0705111024402787
-1.26612399081215 0.00714626970409301 0.323598401762977 0.279210863886657 -0.07775472135089 -0.0308552403087456 -0.0414315689881423
-1.18974223026634 0.0439911377402391 0.360817915228327 0.227416738895536 -0.120585060203082 -0.0581217430759844 0.0110137177735166
-1.2262856985532 0.0296782709004753 0.317657737416468 0.27506541641143 -0.0947190382299441 -0.0211726296083323 -0.0540523334296324
-1.09400386008996 0.0122056661318593 0.365833886888223 0.284941397331895 -0.0994257531411716 -0.08503535670788 -0.0366643122310471
-1.29995338571211 0.0458280594482952 0.335573800939338 0.217411637366386 -0.0916701846665302 -0.0476792327146502 0.0262052585201806
-1.05883917073087 -0.0359955551775677 0.378490426234273 0.33061199421556 -0.0649941420638165 -0.0905523224076312 -0.0871452834263289
-1.23946577335547 0.0135939254818679 0.374471255418849 0.231480562901565 -0.0863806285985241 -0.0854037363160828 0.016483885429677
-1.20192713368099 0.0187167618268918 0.327197882729542 0.282935677336697 -0.0913469559235349 -0.0241335071794991 -0.0527954279379113
-1.18776949577906 0.0420805447435285 0.367418027405756 0.221877295142457 -0.103522951741575 -0.0525686319835238 0.0137015589119351
-1.2942119854226 0.0677333161130992 0.329363686412306 0.203655275957334 -0.118533086880623 -0.0377726928827225 0.0418998624685459
-1.2269280333062 -0.002708591884895 0.367634241453767 0.257465437091874 -0.0792138415683261 -0.0813461704253376 -0.017145781379524
-1.08230168352007 0.0048968912227926 0.348381541527566 0.31194361717027 -0.0820468043372291 -0.057465261938229 -0.0816075672554849
-1.33794870155913 0.0619688470828591 0.315800337556172 0.213490874944001 -0.142501445216576 -0.0354978956630682 0.0141089578351145
-1.21647884298765 0.0312604103267256 0.341934371004981 0.253815171106964 -0.0923970364231217 -0.0485664228977841 -0.0141072369106421
-1.20808462188278 0.0883574986041073 0.330900073970194 0.207492846503027 -0.145980874052542 -0.0411489164983936 0.0279952338455132
-1.25486864249887 0.0354574279232135 0.350803765152758 0.227729076560049 -0.105657794274239 -0.0603420561148382 0.0217020290712834
-1.14943321188166 -0.00235541942221942 0.360748571149569 0.286772106278625 -0.0817994536182718 -0.0619164632515319 -0.0441984515634151
-1.26169424250927 0.027117985072081 0.334622581158103 0.249885075719471 -0.0980478135463218 -0.0496965033138937 0.00776018571050725
-1.17104826096733 0.0268116633003162 0.352660775051455 0.259575897344819 -0.100457566690203 -0.0685215735120277 -0.0209679055321951
-1.27997966467878 0.0352207500677432 0.357935034224817 0.212006165383953 -0.0859519814800254 -0.0800161870402706 0.00927876948498802
-1.1883708491803 0.00700890874808883 0.365292410977145 0.262417302422453 -0.0815104883616385 -0.0640542882672705 -0.0336025749667773
-1.18208894350694 0.0116693808533507 0.325921388029145 0.298369678016477 -0.0855636410415633 -0.0332137124285084 -0.0555376370312849
-1.24212408659298 0.0722534867313877 0.333250214991169 0.211051562624661 -0.133813214239418 -0.0461307578287266 0.0236300496984068
-1.16401075143666 0.027718040604722 0.370960928260588 0.242676829585255 -0.106401600979966 -0.0860586873338525 -0.000127259904354336
-1.24687914496494 0.0159237512474344 0.345637384650629 0.254546386538992 -0.0673208286633665 -0.0624266862964527 -0.00838976274586608
-1.24014688212513 0.0441928646900498 0.32417764416879 0.248752372573145 -0.11316592683763 -0.0326185230795124 0.00660804973295616
-1.20956909538268 0.00212187179987222 0.361532780168359 0.261914143806594 -0.0671582480543437 -0.0688173562229471 -0.0156049779700315
-1.32252784632342 -0.0115973047811889 0.380030442808258 0.223958414479017 -0.0544029705769891 -0.0877307966139511 0.0297074270432534
NA NA NA NA NA NA NA
-1.21313874680077 -0.00620434693799594 0.359432097610156 0.274778166784075 -0.07569505329763 -0.071146955494275 -0.0317801337115095
-1.10579479692161 0.0161025946779704 0.385939636899366 0.257616728807454 -0.109163059830102 -0.0883325060564004 -0.0229696179890697
-1.35480969231203 0.0163285240216669 0.358758427584789 0.208942793435242 -0.0878249703003889 -0.076027489373203 0.0415454120272552
-1.14187445259739 0.0710964350716344 0.354693051449544 0.222693798319489 -0.136253161665824 -0.0720959008938517 -0.00178387634209623
-1.230666176864 0.0430327763370108 0.333589314591965 0.243523261546336 -0.100263469763569 -0.0403388884478577 -0.00812404475300971
-1.2069814735241 0.060043898076271 0.337130114390164 0.231406961913231 -0.109998659620626 -0.0644950660427005 0.0144962614418257
-1.1978848292265 0.0503936102660431 0.308730926771268 0.272089134324909 -0.107891362860772 -0.00701455056923261 -0.0339970609155429
-1.14702243600168 -0.0202372739177554 0.346450805365312 0.320995972934874 -0.0735044008609155 -0.0617967251518476 -0.0924747117454161
-1.27024235964368 0.0165653971317549 0.325590528354546 0.266354819114486 -0.0796745237698669 -0.0296172685967351 -0.0210698437408141
-1.25336517377074 0.0400215231570825 0.356871956027283 0.218039916226174 -0.107392189053397 -0.0707677155016513 0.0277011500129182
-1.33592551120339 -0.000322751936304938 0.323921717669821 0.264867015163231 -0.0633352287327644 -0.0291732943347452 -0.0230531851012879
-1.20685061292385 0.0245978341749932 0.33798599572231 0.266428820916212 -0.0995096813998494 -0.0483851908090189 -0.0409105367331216
-1.27867036245986 0.0648167859037206 0.327878964453694 0.214523455655649 -0.128938838925816 -0.0484419092139149 0.0370031274758236
-1.22905112110029 0.00931584021852419 0.319640920000323 0.292838874674185 -0.0831569580607621 -0.0327348580481611 -0.0551972732430018
-1.37209688397763 0.0182876683032654 0.328191243266467 0.233453032722108 -0.0848036907982814 -0.0318701706138148 0.00102304635428763
-1.34401021650535 0.0360801135242721 0.335228941194855 0.217337830807311 -0.0913656066219 -0.0543117484772486 0.0169727949279178
-1.1465848284253 0.0299623572012005 0.365242096582151 0.250958861786134 -0.111056544020465 -0.0644112465327542 -0.00926516591992967
-1.41970013271368 0.0544629191929482 0.280280378360366 0.229938381550487 -0.109830220108952 0.0105856666323455 0.0207098545709959
-1.19033736107866 0.019739521844675 0.309985285062003 0.303802506464154 -0.104171320486267 -0.0120077598079223 -0.0785680061377469
-1.26943912687361 0.086265350651962 0.266305984227554 0.256805801223664 -0.153702346089265 0.0252831268541584 -0.0141196237940803
-1.26965180753792 0.0328974662938055 0.34720281363713 0.22953732863371 -0.0900872875806025 -0.0651838623635856 0.009873900720715
-1.21286934544481 0.0049930601360981 0.372052546100086 0.250722247077402 -0.0733609169374759 -0.0804382545337052 0.00742751856200113
-1.15798835940471 0.022761443586348 0.366847382679575 0.254386430199643 -0.103354390642844 -0.0911750756175386 -0.0138450808712506
-1.18694873725265 0.0103651358537228 0.375134128479273 0.246565308858734 -0.0866465512000389 -0.0804397843039319 0.00211771308003214
-1.14508500622687 -0.000910578761740657 0.383304881783406 0.263836003451869 -0.0983093090894534 -0.0842730882133159 -0.01379855306756
NA NA NA NA NA NA NA
-1.20773587218339 0.0149680696166321 0.354691106851157 0.258565748385098 -0.105144890164239 -0.0708470567143718 -0.0177721465859448
-1.28090768591452 0.0382413998293925 0.344420805357078 0.222317403355374 -0.09917458258476 -0.0541928412484114 0.0173910493152661
-1.20179247166512 0.0286097277357441 0.365020626045348 0.234363364862286 -0.081459943464808 -0.0673083373303024 -0.0051051626992678
-1.13385655997063 0.0260364699928695 0.357650563452181 0.265679012677347 -0.0959835853147163 -0.0618219372169508 -0.0304828158915415
-1.14628125578337 0.0195709838655854 0.358496382010638 0.270027064465442 -0.10909817048997 -0.0705711921904447 -0.0211767318544371
-1.24262469586324 0.0305280165438816 0.325482305448408 0.262290156144104 -0.0985313114186121 -0.0325977929112702 -0.0173746825438088
-1.11938053624877 0.0294890521381272 0.352433714919783 0.271465746239129 -0.102228976417045 -0.0643407712803589 -0.0285885977020004
-1.33314008197583 -0.00729393130923277 0.3942640590378 0.204421341660716 -0.0614420524980762 -0.104250368244911 0.0298994939423971
-1.25751412951912 0.0656206751524558 0.339837154076956 0.207499088019002 -0.124719841793146 -0.0394754916523616 0.0317485827000021
-1.09347742780628 -0.00806570693919594 0.349873419618086 0.321606355925924 -0.0815018888088318 -0.0636068134815079 -0.0871164176984485
-1.25181403814894 0.0636756716494481 0.286465932505419 0.265315020635101 -0.125807945163497 0.00291576047425964 -0.0343067590403523
-1.3024287785073 0.0252311744247968 0.350330463699525 0.223794245364958 -0.0848143859709888 -0.0698834000557958 0.0201738296018105
-1.35755830736424 0.0492484688383882 0.295825661250725 0.236265231195347 -0.101835297231805 0.00508910659165535 -0.0144645270618935
-1.11198897370409 0.0278520214782684 0.315408820835269 0.312542402375811 -0.103602607021416 -0.042379190210723 -0.0609889191892177
-1.17111369227051 -0.00774734042350911 0.371655076385935 0.275003720581143 -0.076199344835373 -0.0840583002752282 -0.0239168043959585
-1.21591933280388 -0.0534715085731191 0.393990687420203 0.284844081257837 -0.0325201858896566 -0.10286241034542 -0.0355405314340053
-1.31007686093311 0.0157236414021534 0.342074113069893 0.239853451179524 -0.0783921339303076 -0.0566378685424294 5.13130008263037e-05
-1.22197561647009 -0.00418928699697033 0.372196934558715 0.255337964319804 -0.0659251745735583 -0.0916620415953309 0.00142809456884279
-1.14315624454486 0.0330184084715853 0.354136435893388 0.25918930821156 -0.110752707240184 -0.0515472476386856 -0.00929256626039218
-1.18141499448759 0.0600304883409911 0.315268225351155 0.258361678571877 -0.126838484287833 -0.0225979337590169 -0.0108605111331059
-1.14233481053642 0.0162232846481463 0.380821469434557 0.252128859468533 -0.0928847678908993 -0.0926523687858941 -0.0138845241795923
-1.2472207318821 0.0267278909713236 0.35708313423548 0.232957115078612 -0.084588098697668 -0.0600278957378477 -0.00394534768938476
-1.31018742757878 0.047510638446864 0.323834079172935 0.225510973419985 -0.103705957186162 -0.0245550943600554 0.0224712997544176
-1.25494699101771 0.0413654107801584 0.330363452089875 0.24071455290558 -0.0954571001794482 -0.0327752064965486 0.0132771574044269
-1.30682199681245 0.062930971834115 0.286680062296237 0.249188825881389 -0.123923637622067 -0.000408987021209685 -0.00297326852275084
-1.16411300155504 0.062056588896192 0.360287645254498 0.218390035967846 -0.122457336124071 -0.0691286524237553 0.0381090533923767
-1.18100947300154 0.0279510320124545 0.351944240944703 0.257059446621635 -0.104529940981046 -0.0676293834681203 -0.00909700077891952
-1.29564732188261 0.0481573480918681 0.332429747712677 0.218036947597327 -0.108357064793067 -0.0478206940308507 0.0469567656805838
-1.18309866693535 0.0434070162168301 0.325825543007061 0.265080173705036 -0.105200743017114 -0.0255412348908794 -0.0121374435104813
-1.17972521553972 0.0355466346353738 0.362508317382031 0.238319623231451 -0.108280931936018 -0.073342876486234 0.00584497392240875
-1.0897287655435 -0.0115569032324424 0.386732652588062 0.287938936215056 -0.0725387222297518 -0.0949407382190416 -0.0456488309900298
-1.15470750746649 0.0283877382657997 0.381731661897496 0.23209113401368 -0.101916918370685 -0.0920472002137788 0.0113086876223918
-1.12595144956211 0.0208376137386631 0.385804743444263 0.248316409483027 -0.10040619037905 -0.101969903096944 0.00355507371099005
-1.22533931790466 0.0371841826677919 0.319776114595422 0.266302275777102 -0.11187816901012 -0.0250854765062902 -0.0262109685921011
-1.29973649607724 0.00951620783266923 0.340995914431258 0.251378991606653 -0.0948959880210799 -0.064282331773938 -0.000716905667347553
-1.27147163626292 0.0120584248749596 0.357443469888727 0.239669375893028 -0.084854897680735 -0.0705303527241644 0.0095365505609617
-1.12951350011978 0.0378227037032133 0.369016531416147 0.245072477102985 -0.114579263205931 -0.0869869494809334 0.0106951666015037
-1.17816254361296 0.02604553024996 0.32596997299781 0.284016139817794 -0.0973039590167835 -0.0347740168726166 -0.0457353344506263
-1.21100071160724 -0.0236749516396392 0.356600097754998 0.291882234790886 -0.0721083477348619 -0.0715156603227325 -0.034143087973077
-1.28010421734859 0.0334887068110771 0.325361258213072 0.247218921049019 -0.0957865730349405 -0.0387611867275493 -0.00900804424982913
-1.17589785500635 0.0123021080184258 0.38573544225324 0.240314188632455 -0.0907462200662422 -0.0922642192517951 0.00758268027839474
-1.33898568399681 0.0523565511643421 0.326771527346035 0.208721130719545 -0.0973248619865544 -0.0366414510685402 0.0429712711731061
-1.16226238484923 0.0352890670122038 0.343827056709597 0.264843958029584 -0.104644912782052 -0.0541060973484513 -0.0447220412724794
NA NA NA NA NA NA NA
-1.11262749255572 0.0138411941755069 0.374247497038186 0.266615338679875 -0.0897158226244027 -0.0757885793320396 -0.0223232455564274
-1.2137374647825 0.0309300498693376 0.336766564659132 0.258948215991356 -0.0975677854719501 -0.0372660815526109 -0.0175311004490621
-1.231904245894 0.0545872006172037 0.326930880883 0.237686362418122 -0.102784525851483 -0.0271727043172763 0.00100194136422152
-1.26653341797695 0.0171613868061588 0.365193124354902 0.227359872516501 -0.0750514342955154 -0.0795334342313329 0.031817257948716
-1.19004190237462 0.031586300924355 0.378498255496444 0.223252868255758 -0.0979772186893607 -0.0915753626106587 0.0126339574745527
-1.15173559549277 0.0266784069864634 0.362509584652355 0.255031873107677 -0.112213759505713 -0.0752241519578108 -0.0186168337399254
-1.22831263678063 0.0466066464720841 0.346197331490548 0.227355579698954 -0.106255646294948 -0.0507034810627729 0.014102184322521
-1.09480109769272 0.0270017236187583 0.363921725775238 0.27024908451195 -0.105298522635213 -0.0810283374526794 -0.0309863372053848
-1.29937427701243 0.0219195543166689 0.346670956898223 0.228179177826352 -0.081995625747356 -0.0351838048655482 0.0196005297071112
-1.16300736501708 0.0161659749844506 0.370240156200264 0.253233025069513 -0.0896736387251726 -0.0785675287580108 0.000386809532296375
-1.19793934573703 -0.0023088162861763 0.369821635638864 0.263677942015418 -0.0732628768101829 -0.0818200984632536 -0.0133074827349133
-1.34689254274423 0.0307050610470746 0.374242833720886 0.179216000386014 -0.0863776329690514 -0.0840275419112849 0.0625977684833072
-1.13766947304396 0.0185907185839776 0.362165183657265 0.267738485475477 -0.100715699971609 -0.0651791198369635 -0.0184953774158479
-1.13733375265246 -0.0511295140500297 0.382842226004397 0.318887445372896 -0.0432043908917937 -0.111709029252107 -0.0893819788490344
-1.29446248413621 0.0460416691507286 0.363138947219595 0.191680813393884 -0.104232633204032 -0.077751137505606 0.0332380952090725
-1.31477059047073 0.0111955748781818 0.342952768775211 0.241592098753073 -0.0891916611927136 -0.0405267169290924 0.00768966361053207
-1.19482222157288 0.069248913369181 0.348014670909754 0.215313906600207 -0.130554210237172 -0.0608879598997863 0.0236199888062203
-1.26027191541314 0.00411105315610821 0.344489931229025 0.265856845003067 -0.0761466509308729 -0.0536483928134653 -0.0220762329980199
-1.23394705413497 0.0422273214115553 0.35091538694625 0.225487938478734 -0.100922933430773 -0.0685931420092079 0.00571136665685602
-1.18979278308734 0.0554049681448887 0.363123197563422 0.213821407651809 -0.116972735264185 -0.0735953143988311 0.0310418380073586
-1.27946300429548 0.0308229424371715 0.290374838322284 0.285602055621975 -0.0963431904869234 0.0121040685595273 -0.0459041412100004
-1.10732122100882 0.0381389114133943 0.388786131087158 0.230295510546249 -0.11397745414262 -0.0910601918261571 0.006622100315455
-1.24288830443493 0.023836955492022 0.337054700298774 0.256070456837853 -0.0736284304624682 -0.0383186767539552 -0.0266807784332876
-1.1860578979709 0.0122840401551869 0.376119347495583 0.245182992886113 -0.0966955057208326 -0.0835976923194355 0.00246216651004201
-1.21860847887168 0.0395817901722211 0.346344229800546 0.238872743834032 -0.0957693268809651 -0.0530381614041753 -0.0130441316438497
-1.4568829812006 0.0339005189513871 0.302088551889217 0.215644804704545 -0.0869086860222966 -0.0133258102665014 0.0338298003684855
-1.33537560076569 0.0429753096233503 0.346128813326828 0.198970886258183 -0.0988275169847954 -0.0394264730441813 0.0449469892176148
-1.26473818064618 0.0339956696379896 0.307732739132532 0.269115396658361 -0.106847212795145 -0.0277910962305592 -0.0205422717153426
-1.26086085042316 0.0519196965790104 0.350631177765231 0.209998094126594 -0.115716599581987 -0.0685796331616799 0.0411521272557192
-1.12065948215168 -0.0141975477090092 0.36865119228869 0.298911040735739 -0.0712890119315824 -0.0948529995544944 -0.0703992479613013
-1.22405901092222 -0.0105235840044818 0.378444114611218 0.253348851427644 -0.0476378005173477 -0.084236536566361 -0.00707306423791269
-1.13098351649863 0.021064819383569 0.37830716671909 0.250290396659261 -0.0914488480797267 -0.0776766029840707 -0.0114182452948243
-1.25580484942456 0.0180570777926805 0.331078118826908 0.262391429020755 -0.075985628175062 -0.0288847299290932 -0.0161382751760157
-1.13538593335744 0.0127285833166798 0.390813025504148 0.244937012450774 -0.0836509375866269 -0.0985453657456497 -0.0146271601023801
-1.22687712232911 0.0818742976269806 0.300890716191864 0.236854063354173 -0.139506412387652 -0.0102139618870847 0.00915710562810295
-1.2568601688225 0.0231576148123807 0.347032305708829 0.243089367179882 -0.0966841526266491 -0.0547076817864809 -0.00219319974503309
-1.24449175982447 0.0187527164755296 0.360123477733597 0.236746372934001 -0.0731892325076199 -0.0751596163261662 0.00703195177203707
-1.22432974418961 0.0139022539272931 0.361222688596383 0.247814196603627 -0.0940375598401926 -0.0793726173520597 0.00529684171834592
-1.12600437327773 0.0276954462254413 0.362573760321473 0.262172029104418 -0.0897212698974782 -0.0752958083183967 -0.0242465668995693
-1.28419329610411 0.038423203527509 0.306856241214513 0.259961794348194 -0.107120636212069 -0.0150848442138483 -0.024361516974729
-1.23424281072788 0.0490372121657756 0.331840272364055 0.238783925969665 -0.104232624807554 -0.0430820948950658 -0.000760131215880131
-1.28592862432315 0.0302637185411232 0.309791131293491 0.263259175816316 -0.0948843099929486 -0.0131650370717784 -0.0190100481131464
-1.3055195695788 0.0568652131017144 0.323962143147829 0.216799005455713 -0.11717129426701 -0.0253274363881826 0.0233452815713985
NA NA NA NA NA NA NA
-1.18044989167066 -0.00782395282102497 0.352554216771608 0.288545048529807 -0.0808128965454056 -0.0496550430759948 -0.0312737789019744
-1.33133053739945 -0.00616353444947611 0.329397021166161 0.267955510325962 -0.0649883202638306 -0.0391147476614341 -0.0294194988815339
-1.39570671629982 0.0496166089057435 0.311739398399588 0.208000619539586 -0.0982868089739323 -0.00598868222119956 0.0557031292688193
-1.10323655337395 0.0295053244161409 0.369401382327116 0.259082527934059 -0.119171760665025 -0.0685299968929811 -0.0158967912001385
-1.21784471591536 0.0301121458220984 0.3637198152081 0.227681189658756 -0.0857687010287906 -0.0746857864482029 0.023953530820814
-1.12225159988248 0.0298903243316225 0.368042808684047 0.2546471675871 -0.100761931005123 -0.0889887363439896 -0.0164860025177196
-1.2148464776005 0.0163535589471734 0.351468932912609 0.25703909931116 -0.0789938637225684 -0.0584741779713218 -0.0244597352588838
-1.25321161338246 0.0451968875275721 0.352275259314068 0.215342972712676 -0.119401715399486 -0.0602217218958116 0.027540828879189
-1.335177980289 0.00822060795499964 0.367898834990987 0.215095381412403 -0.076430744459179 -0.0747609221909211 0.0260960173296106
-1.17498887975525 0.0497031512541091 0.342659236553153 0.245087846423127 -0.111098298910404 -0.0558853250698257 -0.0162842850191729
-1.15640310544663 -0.0321583112652675 0.355804531955277 0.320131608645686 -0.0693636766839475 -0.0584333746619145 -0.0849990101821544
-1.28701713345545 0.0250689342924717 0.355664479486875 0.223824214515863 -0.0795217154202462 -0.0770976599797441 0.0169761142494585
-1.24515250411342 0.0274905798529705 0.361855773516042 0.22701962078306 -0.104807934373464 -0.0778909645336689 0.034910482611169
-1.2849354229197 0.0710553007527083 0.28877547558447 0.247410255542992 -0.123874762436491 -0.00578095343284832 -0.00846634782303803
-1.28691921806875 0.0194008648248843 0.360168710760668 0.222347070105021 -0.0844017654638141 -0.0653623014612826 0.0100001167760573
-1.15532312610955 0.0371120265149336 0.346726409500013 0.257592838326213 -0.0955994377580951 -0.062346593838056 -0.00153716331803278
-1.16512629404978 -0.0232394598945081 0.368101283681748 0.296895610319206 -0.0483498100748411 -0.0972262124808807 -0.0625105544243738
-1.23596037076727 0.048310481429325 0.344978711451835 0.22482693733173 -0.100949637089951 -0.051927531134029 0.0113144343194748
-1.19798321182922 0.049556539371371 0.341494129500393 0.239071235100034 -0.129063200541522 -0.0610509802597676 0.0102049271561813
-1.21632464445942 0.0305634458113619 0.321777292613312 0.272260886473829 -0.0812614974665981 -0.0288358394147819 -0.0250058388126712
-1.0823896157354 0.0138773348265937 0.387889790878552 0.26312967304314 -0.102394821405796 -0.107951542173036 -0.0225654759653848
-1.35754125178469 -0.00761846520668938 0.3490335291182 0.243134309733146 -0.0700113227585506 -0.0598569321022072 -0.00870443104600035
-1.26518614225019 0.0267611985418125 0.351292887905511 0.230997247047661 -0.0873950059958772 -0.0532428171241628 0.00263648807010462
-1.13409560018083 0.0622151044893229 0.341568925615649 0.243948315670628 -0.124605355651929 -0.048054143772998 -0.00559142513025497
-1.20405982858412 0.0261805708761631 0.368928967421876 0.233461029142542 -0.101056111388255 -0.0835577919977221 0.00706414229312598
-1.24173428036394 0.0261161289130648 0.354353411962776 0.236634254398261 -0.105322096234981 -0.0593124427521061 0.00554502254222898
-1.21046255123951 0.0466643428659981 0.318404373236028 0.260385148068812 -0.113178295036891 -0.0337049817690189 -0.0244397029533715
NA NA NA NA NA NA NA
-1.42476561845795 0.0388262785379224 0.305551555956919 0.219835403229321 -0.0972922472769711 -0.0133999231080062 0.0150920091823663
-1.22515039413072 0.0366636065774962 0.319984307400745 0.265226664299041 -0.0945086871953962 -0.0266856111118092 -0.015454900804439
-1.18681168628417 0.0256514437475949 0.347757721881303 0.260461380198167 -0.112681175037607 -0.0443057066124273 -0.0259207999268461
-1.17024048610181 0.0568750747772524 0.351084226694639 0.231674078220953 -0.11633186933598 -0.0639427022292672 -0.00518063305951006
-1.20172895808933 0.0171473341964605 0.358608480718684 0.25367964372134 -0.0787750020551726 -0.068948431546182 -0.0136243850360335
-1.10732138937039 0.0132332984994631 0.401689790783504 0.244017352869997 -0.0967048494071371 -0.116524757195981 -0.0110067505832817
-1.27158146531941 0.0029595929718217 0.340978435881282 0.2649757757786 -0.0685431526260651 -0.055846915275805 -0.0126273911262378
-1.24782243642455 0.0193504783858425 0.343613338732087 0.253133709617867 -0.0857096956095785 -0.0521467065211647 -0.00141286854142337
-1.1493306956759 0.0325606042268078 0.363977243725732 0.249910127493563 -0.0909855450148814 -0.0895108414389378 0.0017000428910296
-1.22170235841367 0.0126415515706821 0.375659706624613 0.23270619811324 -0.0824409265018726 -0.0906875888374916 0.0153105940557939
-1.23197191902399 0.0187158985318367 0.383348118107611 0.217303557367036 -0.0898231388139209 -0.0881867671203131 0.0151561818962483
-1.24298385547428 0.000454383967099854 0.335613094458126 0.280681660696675 -0.0774535388078571 -0.0330462608732208 -0.0429022907349233
-1.32135708255901 0.0377040932233199 0.30509748894193 0.251217150296192 -0.080936850954376 -0.0277960311863588 0.00581608540885537
-1.23239461893685 0.000798876603773124 0.31236706178986 0.307488334664133 -0.0787486912541059 -0.0226684122368785 -0.0629880510108923
-1.24803636491824 0.025420213689716 0.380838593857831 0.208585830358425 -0.0817548808134965 -0.0880500728185513 0.036409512075055
-1.19631699220969 0.00531380560904171 0.340722387527527 0.283662562994881 -0.089299130529654 -0.0313891404674977 -0.0307024120197308
-1.2762276797342 0.024228771425899 0.341696266227782 0.240839567977527 -0.096509227442181 -0.0427354518635204 -0.0085793411186515
-1.23597418620298 0.0267984464175429 0.307387422293817 0.286572891551067 -0.0955657553954852 -0.0173601573864932 -0.0472818774590354
-1.26126054873781 0.0347267075465688 0.350795514973699 0.228084022286585 -0.1206478220122 -0.0664139402474108 0.0184092627683178
-1.2218594247553 0.0202634902986449 0.347863972609869 0.25596917451924 -0.0941761088522856 -0.0597007856314224 -0.00365244776613789
-1.09429282440813 0.0477887704988937 0.314919516080387 0.297202341340657 -0.124806567625352 -0.0107501952849387 -0.051940417262162
-1.29846549481147 0.0098477178442136 0.349415686090426 0.241841010982135 -0.0898402328684382 -0.0601774098930056 0.0027369779482746
-1.3337591679472 0.0493071087236615 0.314169686739186 0.226309580152063 -0.110005815568028 -0.0324884177320406 0.00341843370018442
-1.15969371942167 0.013476965048422 0.36003559441389 0.268144874595612 -0.0945826007389142 -0.0687964570284001 -0.021529108749283
-1.12830978485028 0.0180252521992297 0.358258364930557 0.27482981820219 -0.0823915527889996 -0.0589823485626327 -0.0353420089640543
-1.18317447066592 0.0294928633473132 0.318838135754471 0.286165434950583 -0.107202622122897 -0.028552584171774 -0.0528954458256087
-1.20452559447281 0.0344969469048184 0.345301794642796 0.249308521833858 -0.112250447532924 -0.0541709280677685 -0.00172705902144017
-1.17676209728346 0.0286259375633061 0.361879259569698 0.245351455259795 -0.0971382741406897 -0.0670889812186241 -0.00855498215506401
-1.28143106334022 0.0483075368416835 0.332725533081545 0.225119591570677 -0.103660947024429 -0.0458759210073688 0.00405949607974994
-1.18742562388695 0.0532547778158993 0.346155461565946 0.236852017069304 -0.117027375308164 -0.0602387044533435 0.0024682629280647
-1.20351565153602 -0.0436757684072207 0.374012271472849 0.300538451537764 -0.0432958044326469 -0.0901258393992 -0.0599768302154332
-1.13796294966184 0.0361039071351064 0.355427050434552 0.256762577361744 -0.104084569176426 -0.0678440265694716 -0.011694521215849
-1.18354872506654 0.0952317909670411 0.303866721447698 0.235195018081218 -0.141759549290888 -0.0262747060892853 0.0180592096943483
-1.21231022590419 0.0282066290856434 0.332556495672758 0.264451298086721 -0.090476434539359 -0.0454205257162098 -0.0238695874800657
-1.28035592026143 0.0122310956329206 0.324624577105533 0.267611137562412 -0.0911353851994659 -0.0372814028476621 -0.0133894932644518
-1.22971140299704 0.0585986759326192 0.360961031458612 0.201750304656927 -0.121700993930599 -0.0698055496416354 0.0393285826758897
-1.23922367604019 0.0155801331379476 0.344521265560126 0.258372029128654 -0.0958811269131791 -0.0479911688414475 -0.0139383905404044
-1.21594910340504 0.00171915021314987 0.370258206348581 0.251576049193022 -0.0892538069954069 -0.0754046617303758 0.00423301905502138
-1.18229541200105 0.0260021536222055 0.355169236682235 0.254466886380132 -0.118461057828391 -0.0671355285141977 -0.0208407265337644
-1.19151241870716 0.0852028224371213 0.307800581891869 0.240100106505934 -0.14513743432904 -0.0265109534593074 0.0024958042314112
-1.26905812514857 0.0472913702645353 0.328136110407477 0.23217611101587 -0.102343042495659 -0.0337513151325974 0.015392401029632
-1.35029090820202 0.0244357738813338 0.339687920292316 0.220940381490274 -0.102531480058562 -0.0426086768683747 0.0131301739569133
-1.31754760846372 0.0593740010113171 0.305138941595341 0.231935139116525 -0.116990743814224 -0.00496294550755444 0.0246573642622423
-1.24410348906742 0.00838490389201525 0.340982412722544 0.266286312571535 -0.0811263754449243 -0.0397749663128772 -0.0162072845650621
-1.2676493863591 0.0334971833018983 0.375087510898949 0.201580227990746 -0.118617639869489 -0.0825536262649477 0.0441376982466161
-1.37728296655824 0.0423435351380567 0.34578029913569 0.189086078330508 -0.106489813805516 -0.0736122658780225 0.0468026224975167
-1.21477623515879 0.0226765608600576 0.369682912844446 0.232652237163252 -0.0815189962587285 -0.0761437207034732 0.012374088249153
-1.18277255005264 0.0269515662659956 0.36161534864104 0.24679991400351 -0.0889152508677936 -0.0731338721122604 -0.00105695082294671
-1.14437069607768 0.03343839252069 0.326982025275309 0.285431211174134 -0.114005444354721 -0.0437245681415785 -0.0327345041912459
-1.19943545675476 0.0292065422534802 0.344595253752417 0.252971286622765 -0.0949217832699948 -0.0444155599439274 0.00912618979326164
-1.13803573083853 0.0266426571254573 0.33978939612279 0.2813347699643 -0.0939767591210066 -0.044749252830967 -0.0582720271693567
-1.15845972457555 0.00584625096458666 0.37302962044495 0.262216361975358 -0.0920743059780272 -0.0713943156693942 -0.0201378662583924
-1.28375581745021 0.0209912795750655 0.333687138917366 0.25050661593214 -0.0905309268864943 -0.0372070015080395 0.00293491705196101
-1.2934905685205 0.0162926274264021 0.321610335605913 0.265686733660561 -0.0821968290185003 -0.032903551061542 -0.0150257713471512
-1.27218957593103 0.0655935900553343 0.314468722220915 0.226393419069189 -0.121046676166321 -0.0143356255973096 0.0116707748952872
-1.36164448485571 0.0169795935795137 0.365052833192009 0.196488857756747 -0.0528954209043594 -0.0675644223423297 0.051387592155521
-1.25138345337017 0.0148285291037259 0.356092211200398 0.241691188018738 -0.0822061924876058 -0.0594922344888348 0.0075475940842933
-1.2172674569016 0.0489750300889903 0.352839098479478 0.223566462933545 -0.119569868352838 -0.0753377946794623 0.0110012029708214
-1.03200582414071 -0.0026543522534014 0.343931684687032 0.336335229652294 -0.0811005069514229 -0.05015269153572 -0.0730466808999477
NA NA NA NA NA NA NA
-1.18954175516035 0.0322371429104435 0.338065803754412 0.264581328042788 -0.091386798068775 -0.0615308609970834 -0.0284424300686896
-1.06815986916567 -0.00324419753278367 0.382022909946205 0.29143761935751 -0.0875532763910428 -0.0961218581355586 -0.0316681504649333
-1.3748873388873 0.0203044570344355 0.35527620738768 0.201972720833013 -0.077785756069264 -0.0523186104604741 0.0515183266730085
-1.23597845851712 0.0453218464029654 0.358574255266145 0.215113757944839 -0.0929972191720634 -0.0651453689300573 0.022135312127991
-1.00954606952556 0.00776448552773921 0.386805755777412 0.293057749207533 -0.0977412022895988 -0.106339631097189 -0.0465533575422669
-1.39427727908106 0.0286446988665049 0.316319317727842 0.226082715604514 -0.0956000209756104 -0.0133217170128013 0.026697252882141
-1.12349087551727 0.0176489566401775 0.354266172607472 0.280561578008279 -0.0950323664805798 -0.0575746077350518 -0.0343307921567398
-1.18871423542028 0.0865486681337927 0.306971338409036 0.241152274903543 -0.139389943131591 -0.0284420907134222 0.0212081778782419
-1.30921622348977 0.026390365190851 0.363818212776399 0.208855637640086 -0.0954118270571962 -0.0729530410763183 0.0276350129631901
-1.24760544780606 0.0172996458461614 0.347387280318604 0.250261701404275 -0.0956839537015301 -0.0555377377641206 0.00230104858172444
-1.29188006913652 0.0129900131593111 0.339622992304706 0.248828399245782 -0.0717175017380328 -0.0462071778160551 -0.0114333576942116
-1.19487236605189 0.0417333651074384 0.305904603889979 0.285225342578125 -0.121386664515581 -0.00723472781841453 -0.0527785748783387
-1.15658791475876 0.0319527608696199 0.345522244040472 0.263252554079034 -0.106402957783225 -0.0468365099385104 -0.0173770416019535
-1.10593912232668 0.0226975554320166 0.353622743636571 0.282445787329586 -0.100822159683154 -0.0627631654918259 -0.0391791639950704
-1.12106994206876 0.0295649078568094 0.336557454485487 0.287275843655409 -0.101997515769623 -0.0535825557437382 -0.0560959383799288
-1.26023742023044 -0.0067005191017785 0.342707414163916 0.275767261256942 -0.0561093196230842 -0.0497131275923769 -0.0432390947485493
-1.19302989812133 0.0481638595233645 0.334089788327818 0.248442011609123 -0.114620594562057 -0.0505710910016115 0.000584714785546736
-1.27393182445182 0.00755811017387045 0.352651168871491 0.247737006369502 -0.0864927694773346 -0.0568761489533601 -0.00504335688564807
-1.30513123994706 0.0333405410567832 0.339292763322056 0.224883174291069 -0.0992708266471356 -0.0420739862590169 0.0242595267457648
-1.234332910386 0.00497451612910276 0.355017372369042 0.259975923878892 -0.066622329980257 -0.0576259501360832 -0.020104149052993
-1.28972539942028 0.0492504147327717 0.385369274183053 0.166786055814895 -0.102000156149151 -0.105076467258371 0.0781680472049444
-1.30930657342613 0.0564137109220463 0.339928661165363 0.199319481633774 -0.109665849446807 -0.048553671639168 0.0551474313199297
NA NA NA NA NA NA NA
-1.28297774696436 0.0606485690738059 0.316748051803234 0.229355085526572 -0.113553282608482 -0.0315589787860749 0.0051816334644542
-1.30113733524604 -0.00469443456438014 0.355767764498423 0.246759987662414 -0.0709990198568589 -0.0654843484043967 -0.00681786416423997
-1.11621390384232 0.0306044901669554 0.360483955135774 0.26598284921837 -0.107481500546357 -0.0503096453392777 -0.0450190581806829
-1.10013067493736 0.0180015063656493 0.341898265272749 0.299854347766401 -0.104840548061225 -0.0589324526902375 -0.0724304619601908
-1.25118538786976 0.00171820809945435 0.353120528373432 0.260280161326291 -0.0589130410058644 -0.06761464648565 -0.0145613023224228
-1.27098529356617 0.0835166887962275 0.34791275501656 0.174728071024578 -0.123353658044576 -0.0496287715576677 0.057585330732298
-1.27228996939616 0.0292378444115009 0.341399566023995 0.240018646129627 -0.0873852306271949 -0.0434981383293812 -0.00770928484087967
-1.3068079667556 0.0427927131763227 0.338173629223166 0.215855608348963 -0.103494874744606 -0.038867122227103 0.0268968030156217
-1.22584487175202 0.0306420964785309 0.35857664843545 0.233238908750871 -0.102657656122818 -0.0750504968899591 0.0105716276464087
-1.3018262665134 0.0383375993374825 0.338174946338967 0.221690796153756 -0.108903433419446 -0.0494136206433139 0.0215980127966052
-1.13775924458698 0.0181014870703856 0.359294927259238 0.27068438027026 -0.0971427424633831 -0.0731575243256648 -0.0235337553960439
-0.886593873252993 0.0254682531184852 0.389000783401695 0.310228432390399 -0.131394442201926 -0.0904213437422183 -0.0745112034410049
-1.17899459374664 0.0467088767894417 0.335222620435096 0.253141376113777 -0.116716143985237 -0.0342597927284998 -0.010911498685995
-1.30735507907452 0.0153705192825759 0.37032483517478 0.212747065474518 -0.085270705059212 -0.08223648714229 0.016441851956899
-1.23555678198777 0.0414197703268303 0.371996156705449 0.206977409001697 -0.110411491592892 -0.0857086778868005 0.0329059381349315
NA NA NA NA NA NA NA
-1.23552777711293 0.0438499676012255 0.359712466821462 0.215496216040767 -0.0983026028303571 -0.0736023220216049 0.0221786774777905
-1.15112534411342 -0.0543630156269322 0.389731437540503 0.309650031581358 -0.0448123783188877 -0.0954439091872759 -0.066908248304897
-1.17766020312059 0.0360457216094926 0.358043750526246 0.244964448542216 -0.116713477682115 -0.0588181289421634 -0.00457421030555562
-1.3651575227559 -0.00741073950891552 0.34194783664034 0.245290866392529 -0.0649607237132249 -0.0416121496036238 0.0028793271038475
-1.26212800297562 0.0526907944502315 0.307813151336861 0.251667431004507 -0.103202595138115 -0.0113141420780251 -0.0225570510062482
-1.18941531300192 0.0571519518106681 0.349484548097155 0.22636510674486 -0.123447101732691 -0.0710486169485934 0.0266576613220713
-1.12246760714512 0.0218510343894999 0.358615358200112 0.274445958803896 -0.0803601172907717 -0.0714956709652424 -0.0267851154775136
-1.18444351350133 0.0280766316371931 0.35852333901478 0.246840049595434 -0.0866869570951706 -0.0453626619123108 0.0033233445703252
-1.278088890004 0.0480903382054807 0.311800823935622 0.245494030346459 -0.100861355908278 -0.0279661980459077 -0.000119307143738834
NA NA NA NA NA NA NA
-1.16748401812566 0.0032994519581477 0.347981807969818 0.287728127633983 -0.071070029833016 -0.0453285141236981 -0.0442764519603292
-1.10843987365795 -0.00232967642783081 0.375311777004452 0.283446559100761 -0.0854354293655535 -0.0772607136886297 -0.0361449579540339
-1.32405481104023 0.0195245300067251 0.321648920167416 0.254129553925919 -0.0923432722297784 -0.0271736700870395 -0.0146378718311164
-1.15054776584304 0.00874559417466429 0.360877764595476 0.274421539756869 -0.089718421655842 -0.0774789801334366 -0.0376533879157095
-1.25426584571413 0.0139069045275737 0.338765991784649 0.259745900029321 -0.0889155210706167 -0.0463349905750326 -0.0159206088510999
-1.18097389823681 0.021023852416905 0.350577032811498 0.263721393518831 -0.102322093564122 -0.0465158502314334 -0.0191396845360164
-1.31239788274572 0.0238557098406414 0.336156028228175 0.236755907545461 -0.0866371635598454 -0.0468551246596728 0.00892166030470791
-1.33523066476581 -0.000274954083374161 0.339023064929815 0.251406464869681 -0.0842560787948433 -0.0454320864135983 0.00357885311615032
-1.2856791982314 0.0325679504682453 0.333438528863141 0.237747160717957 -0.0907472269351012 -0.0573946330794934 0.0124085228508977
-1.22990425505721 0.0231039564409846 0.337392242483093 0.262495226080614 -0.0759498447106239 -0.0608500913706411 -0.022518076831481
-1.23866636519571 0.0248776168505115 0.318129114632807 0.274598966408725 -0.111141871722228 -0.0184734175606329 -0.0179435270920383
-1.26546620005596 0.0620626660212568 0.348902239739735 0.199313193506191 -0.117802097122559 -0.0674468990336977 0.0461006396395354
-1.30281794201713 0.0186329358521397 0.360354163073908 0.220187216658828 -0.0771728170771003 -0.0754331609873368 0.0104682953878321
-1.26118946704474 4.16960726976821e-05 0.371145564356275 0.239283780550997 -0.0718801368999662 -0.0834843745396123 0.00855388786763144
-1.3138564906803 -0.00265420387598388 0.332057825092783 0.26652480506887 -0.0659091029777985 -0.0364423502569704 -0.0173093873117322
-1.29728782958904 -0.00842776303457658 0.380162258951085 0.231065130290787 -0.0613718962790945 -0.0909688518079639 -0.00708279188912501
-1.16947826810345 0.0168088366626452 0.357118760355802 0.265992224955767 -0.0937730135056385 -0.0697050130396925 -0.0326470197300899
-1.21704378399186 0.00191035731709161 0.308731405074828 0.314681479737746 -0.0797451984726946 -0.00662499741231276 -0.0740303596658244
-1.27509594907744 -0.0124477594321208 0.366057436618291 0.254498587257107 -0.0676231108928997 -0.0720027621204006 -0.00759926204149271
-1.16735996942515 0.0295345347018387 0.353227991615536 0.257053619153891 -0.102132901825991 -0.0721379418633215 -0.0096511017542346
-1.11194787589272 0.0495570872863943 0.339197643447798 0.268577696297721 -0.111291081466766 -0.0542286273187078 -0.0383904779516565
-1.24918367307258 0.0695477526828898 0.330494182671401 0.215461451585414 -0.120287904131434 -0.0409811464357177 0.0347224975129635
-1.16633882636788 0.0181861782751032 0.329784709541841 0.291344387111816 -0.0921560402039564 -0.034802479924951 -0.0519309403441129
-1.12545698862804 -0.0225425253103357 0.364163148740966 0.311112484076899 -0.0663435826836179 -0.0777537373056298 -0.0705705370379621
-1.24939790633415 0.034855144485519 0.329933894804508 0.250507457925202 -0.11585481221976 -0.0441815168244584 -0.00996539322323264
-1.24116022523622 0.0499079145376376 0.342142996223763 0.226151044916802 -0.12134311980295 -0.0422224397205055 0.0186600398508332
-1.11476038086944 0.0101874081341794 0.354208256276701 0.291506074051348 -0.0911328876278078 -0.0515383453832617 -0.0521315264088192
-1.24338257462729 0.0185321959513749 0.32954972263981 0.269237183772241 -0.0890564591549339 -0.0349759262305659 -0.0360330623893394
-1.33553988167124 0.0434803591360692 0.316140428840877 0.229786387074113 -0.0965463738042987 -0.0194578054705764 0.00853636997909569
-1.0987182986426 0.0157784148846966 0.389733256983125 0.255387469925634 -0.0928462004322687 -0.105465187052731 -0.0121048945127617
-1.29092349925185 0.0205260366874671 0.327135408640897 0.254666987197537 -0.0872462599013811 -0.0260338103118202 -0.0163453390244122
-1.22808507450687 0.0265320575288657 0.343021815482874 0.252552101142714 -0.0928770714268655 -0.0404008638666942 0.00104219651994054
-1.23238350935005 0.0170820496364237 0.327028380977018 0.275766656206219 -0.0980145812288958 -0.0353134129111918 -0.040384073085429
-1.21157204145248 -0.00291069624889697 0.335575826262168 0.293036983667333 -0.0645758949568083 -0.0501652634559128 -0.0540866609488642
-1.25303519895793 0.0177395455958049 0.317269199534857 0.278542183157303 -0.0984644766310975 -0.0179547168549798 -0.0451605385750338
-1.2825688332281 0.0490070449618913 0.345694707309171 0.213104528148133 -0.104150833609997 -0.0809176923235228 0.0195867821851074
-1.2920886845681 0.0116098165606771 0.347732871539666 0.244352165645737 -0.0838627530295836 -0.0564428806429109 -0.0145993158336996
-1.1499770526204 0.0452366563066276 0.355927899824643 0.243592862115212 -0.135154596108766 -0.0629665745894922 0.017064760168919
-1.35501106388717 0.0381201279327737 0.324529481444937 0.220606856931187 -0.0933860557260641 -0.0357517558652454 0.0269100535527245
-1.23093868425431 0.0159166745452888 0.355624386921342 0.248628805619284 -0.084252346801487 -0.0719785244000539 -0.0166162912187664
-1.22154605403071 0.0475851345884088 0.331155227071073 0.245818624783308 -0.109713627179826 -0.0462016909278576 0.0092098405210653
-1.35208850134725 0.054925710914494 0.348207414260569 0.182151617887455 -0.100465164531506 -0.0533625982345074 0.0543709337746747
-1.0980070734208 0.0301430127527465 0.343085797504781 0.287413483900446 -0.114010882577033 -0.0564869626093519 -0.0445124064015552
-1.20386945864133 -0.00559091844168449 0.330987587434512 0.303885448923131 -0.067587262501429 -0.0385229396106958 -0.0531655261134763
-1.11493739368356 0.0416787061733182 0.363314550791172 0.248423384459632 -0.10083972551971 -0.0770076515034697 -0.00844665626047119
-1.22331705702884 0.0175534749234318 0.351392765256768 0.253440365817589 -0.0941252215745957 -0.048487225121859 0.00550247571798436
-1.27550777144583 0.0281187177738053 0.356360380594605 0.223851944845903 -0.0890072922697618 -0.0659063585897187 0.00751882677079017
-1.31038956244667 0.0332296515177419 0.334311940274829 0.22961501014321 -0.108499381178972 -0.0506191102982615 0.0329960684629559
-1.09955032072973 0.0262194114607295 0.356292083197332 0.27831023547699 -0.0979284496047123 -0.0625766784686431 -0.0398258749598739
-1.26995105229263 0.0133137235603275 0.345941706460229 0.248469195600032 -0.0792395948041371 -0.0469817251525496 -0.0142964489036463
-1.08621402144649 0.0486130279027841 0.378206568931903 0.23576272121972 -0.110968344798885 -0.0885183018098588 0.01076787250235
-1.27221878714873 0.0230409088889738 0.331807270622428 0.254720961620726 -0.0944084421287489 -0.0333629606840976 -0.0238285646263256
-1.24412700394567 0.0217671822311132 0.327888613352527 0.266449895115296 -0.0885080829012591 -0.0343294554185999 -0.012112159486036
-1.13315090038655 0.0104369375107893 0.381127800712404 0.258836559073234 -0.103895539470633 -0.0910783370474674 -0.014902347899174
-1.27701512551544 0.0307386216980738 0.352653362166925 0.222273106304898 -0.0919192993812021 -0.0548297869561387 0.00797126233411136
-1.21962487702936 0.0127435357791807 0.342860207606373 0.269649526672289 -0.0769567531210026 -0.0608393827400677 -0.0223808116946561
-1.16207676070693 -0.0245095161490724 0.372195129735817 0.294965769909311 -0.068257345184531 -0.0776121909325552 -0.0491412232100922
-1.22298238925256 0.0486862673866013 0.344494849792446 0.230162241198754 -0.120487059249005 -0.0441748742144757 0.0169680292597515
-1.23215651550562 0.0759235054461068 0.344807448107318 0.198840557976206 -0.131621557921569 -0.0457062338815473 0.0581100814761139
-1.26923883031881 0.0373307159068675 0.313015957865586 0.259486578171127 -0.103336780782867 -0.0221100138178909 -0.0318419396028808
-1.34512140243202 0.0663503423864805 0.314524172566363 0.20570937487603 -0.115975441934238 -0.0310088347834206 0.0422290709777861
-1.23236954608852 0.0509273522858805 0.336818548726134 0.23459325299416 -0.0933295679983464 -0.0601500717491149 -0.0101904440181054
-1.28794122400861 0.056334285873624 0.334653946453329 0.212132040539772 -0.102535861262919 -0.0552993561391593 0.025515705277578
NA NA NA NA NA NA NA
-1.27993567240772 0.0124814542368891 0.356592091277357 0.237605463361277 -0.0777758254631691 -0.0608787422117694 0.00648317377412343
-1.26483817577977 0.0223382824849299 0.352170435977261 0.236980324357153 -0.0908034931125316 -0.0577906504188305 0.00505675542375493
-1.34586243160599 0.0210131882985859 0.325183955390428 0.238413605776963 -0.0846854989400509 -0.0199324578423821 0.0101862520567072
-1.19305570042352 0.032785694978505 0.376596530793002 0.223514863460908 -0.105739792560596 -0.098884281037001 0.0323474189934986
-1.18808730401328 0.0544977806026118 0.357490009773661 0.223531445571856 -0.109248843190179 -0.0570139881195444 0.0161688324237835
-1.3039737875823 0.0466496048608824 0.302331401715805 0.249163195866961 -0.0977385952636544 -0.00970071249295745 -0.00329271789618448
-1.08631903842825 0.0338410515829536 0.366231142572428 0.265027586092841 -0.0978767452842007 -0.082343154860108 -0.0243790829129894
-1.06712065154782 0.0522612998649452 0.373988171973367 0.243876579400747 -0.128022529434237 -0.101164352946642 0.0113761043930519
-1.10956988766695 -0.00900616144326177 0.400311712734284 0.265637656091381 -0.0753845663537715 -0.105831078890549 -0.0163975370274943
-1.23286234142887 0.00560567206873253 0.324606217431662 0.290403240561082 -0.0777514899893679 -0.019898210930906 -0.0535014990007818
-1.32620820655739 0.0305820025733912 0.310068546135157 0.252006319519354 -0.0963778313904204 -0.0281332173932123 -0.0150021328774752
-1.36734266625971 0.0548365571958799 0.308212675140021 0.216746082965942 -0.104748157351139 -0.00979637108382138 0.0451374512731633
-1.37449796268364 0.0138090790328712 0.355266388116847 0.206980623858336 -0.0753853536855785 -0.0629925063502409 0.0409703280856915
-1.18555883629833 0.00686227935525758 0.359828248269333 0.267436692219509 -0.0838652440144361 -0.082471070013912 -0.0356952972364577
-1.10951851839946 0.0488804710159259 0.362738026198318 0.245378404364043 -0.117801536520656 -0.0813534958648237 -0.0111420065651745
-1.15388047666019 -0.00740105851044038 0.371502159862739 0.280189459695026 -0.0834252569497163 -0.0894933946120013 -0.0240727730289312
-1.33569962937242 0.0267750981224141 0.338344519041464 0.222993056167678 -0.0969898804007048 -0.036455451865955 -0.00391520349873511
-1.31779525348317 0.0379121130460786 0.32622363453336 0.228870195066275 -0.0944690801996687 -0.0357275262753975 0.0274836917510336
-1.27793163182723 0.00972992384359234 0.343792600719463 0.253130832197965 -0.0689131420613954 -0.0505137392694257 -0.00816474652923924
-1.24959135285659 0.0267599261478857 0.346604418045207 0.240295990339702 -0.0978369291924938 -0.0516259109250905 0.022052219269657
-1.15805832463937 -0.0292674950609373 0.390954028405187 0.280767363029134 -0.0281781176119137 -0.100442437832831 -0.027663863473413
-1.0688734558239 0.034039479144367 0.380380863562852 0.257292675519112 -0.122064007787274 -0.110499087929263 -0.0175218967914516
-1.40657683312016 0.0158926956558794 0.317800986250118 0.233139496225179 -0.0781080140900501 -0.0238395835479557 0.0172585504057327
-1.14486337776333 -0.00284820923069726 0.359764831743347 0.290355879539555 -0.0884273443503074 -0.0642412088137176 -0.0632409449636661
-1.25127389579698 0.0175406817128994 0.364854302488371 0.232520371068696 -0.0789090087672488 -0.07713180397813 0.0241846562484045
-1.14761912607011 0.039159496170991 0.350595958335385 0.255065110713267 -0.093176354974245 -0.0597360457549793 -0.00931086758893788
-1.12869259581011 0.00518963581569984 0.362531505459951 0.284443541677584 -0.0732068389652301 -0.0775859420633455 -0.0519405325097803
-1.25249738219216 0.0159512229518582 0.331000834788421 0.267984814392027 -0.0820579042644701 -0.0462965708000725 -0.0258422288519858
-1.20226934259981 0.0125933493765738 0.39243657760037 0.224541411996924 -0.0852749835898735 -0.100313129274194 0.0172119450784098
-1.28683745493578 0.0289863071670323 0.357204998671934 0.220206197443084 -0.0975356441780933 -0.068356493124157 0.0365605629771356
-1.28595713298223 0.077582399666696 0.319753659615649 0.205568579504423 -0.117507926539029 -0.032703821623553 0.053398134238266
-1.18128101616411 -0.00729751670893913 0.368861769069763 0.273844218528866 -0.0782783154438177 -0.0774303653104746 -0.0320396334013729
-1.12036983448245 0.0508330793528558 0.357535331466755 0.246008653292014 -0.13813777583057 -0.0639211133368843 0.00981902699700072
-1.18503295403785 0.0127886704233056 0.35517910472736 0.268236829622899 -0.0869383572205461 -0.0756265112870955 -0.0255890220394647
-1.16920478414549 0.0178134960980024 0.323033080149141 0.298102305677697 -0.0914859243942569 -0.0354307868078315 -0.0429042718655766
-1.23985794880718 0.044473103806308 0.317742249779653 0.255430034680512 -0.106904130514453 -0.0279869541616719 -0.00988707984275092
-1.2571430715101 0.0321827097128554 0.339389465099522 0.242186154583916 -0.0883722448662668 -0.0539176850561548 -0.0175311353017467
-1.15527504259957 -0.00765136034738 0.367111784925936 0.285732432407131 -0.0955365152233816 -0.0662416150249481 -0.0576427216977505
-1.1526758864391 0.0312762383401871 0.344367744312214 0.27156890234668 -0.127396714763599 -0.0533914102299484 -0.0363009487656255
-1.23450004465458 0.0251916965339233 0.326513838675582 0.26798117485804 -0.103394577723275 -0.0429970984658653 -0.0224087202952121
-1.16200982097394 0.0678662428697332 0.337491380684448 0.234049642275146 -0.123346982611551 -0.0493216714843338 0.00397367660644067
-1.14180058674811 -0.0151504846049185 0.375616233818387 0.284845804137593 -0.0623850680002933 -0.0926881553081643 -0.042534743507175
-1.19171723105616 0.0476045440844076 0.336855114021213 0.246494442087568 -0.114624920000677 -0.0642059422717288 -0.00569701145077382
-1.12783193075785 0.0286310317175442 0.353000189178143 0.268445845348621 -0.115459752194461 -0.0479134505156653 -0.0144949209136575
-1.11097616988985 0.0469215624309606 0.349497843426539 0.259809768708361 -0.124373532255923 -0.052969775740225 -0.00437739591312267
-1.33450265895585 0.0381800461298173 0.306161382751167 0.244621893338321 -0.0820271759407348 -0.0108189579391869 -0.00628881836784343
-1.23556703638171 -0.000916841671216213 0.346330357144898 0.273065086252394 -0.0726395652619954 -0.0649701012309184 -0.0267320549988623
-1.2264203515279 0.0392131112577235 0.367383508564872 0.21591924847776 -0.099509770648189 -0.0795515992559182 0.0205816933139426
-1.17829592747367 0.0490249183611512 0.33924554593576 0.249628850706985 -0.115458194094495 -0.0589162592429439 -0.00120113140874207
-1.29504166822783 0.0264101424999685 0.349161354676003 0.224426727745075 -0.0921101139243559 -0.0452946883401468 0.0286298222103718
-1.23185738943512 0.0283860334352063 0.342670967040007 0.249274333156965 -0.0965035736117445 -0.0511815525002571 0.00679710850696104
-1.18144535172514 -0.0233666730529737 0.363236921401029 0.296211169713501 -0.0696495537606573 -0.0655035507927856 -0.0370978436430421
-1.29916399149911 0.0203710316886046 0.348618912243036 0.232292746822327 -0.0914523871539238 -0.0630931072049822 0.0158613415561042
-1.29347002034492 0.0250537011528012 0.336540864234906 0.23847799101437 -0.0772962274574602 -0.0462896273391749 -0.00433613125332751
-1.2032269776677 0.0350537730650874 0.352560551577357 0.240487734990811 -0.104763518426505 -0.0621277377928879 0.0197450866256604
-1.4663491093745 0.00567127964775198 0.334298610897716 0.21412830888225 -0.0833316091223885 -0.0573410121176035 0.00831113051048508
-1.42476835149178 0.0570711650151074 0.31914940773866 0.186112012131361 -0.0992344020046259 -0.0171468315062737 0.0632187239480373
-1.15749002364203 -0.00449874683414193 0.338121602041459 0.31032578116696 -0.0723092254125505 -0.0456889776985362 -0.0868760144965087
-1.19906099541609 0.00942803552505657 0.369509115301937 0.250265687033122 -0.0867111834608599 -0.077472966540103 0.005782682956541
-1.13795692535985 0.0174562858256034 0.374798717527554 0.257603396076774 -0.0816618472157399 -0.0694318128328518 -0.0111525576938199
-1.18170548329766 0.00862284474269677 0.335503860743967 0.290488020720116 -0.0674296056413897 -0.0562637634949093 -0.0499121107518611
-1.21468294466609 0.057872049447381 0.340262799558723 0.22521322989405 -0.10728148253746 -0.0398060017248878 0.00359414357800641
-1.10817712082294 -0.0327502312331571 0.368922725645498 0.321371954427495 -0.0402053760691228 -0.0719492806351092 -0.0697731592793604
-1.22284248927187 0.0567896881865044 0.332488558320828 0.229907509565352 -0.113050946494901 -0.0325814847210903 0.0278864719260986
-1.22266349685009 0.018929789008213 0.37043127637309 0.232195844780574 -0.0985649886739623 -0.0706420648881869 0.011438918531758
-1.1939525621001 -0.0161974095928723 0.372322540983854 0.276573139668442 -0.0753000399726154 -0.0851798607805781 -0.0386685919810011
-1.30479642080008 0.0311537542834095 0.304965164503569 0.260299725627715 -0.0926351192635011 -0.0262621035329662 -0.0120906976857904
-1.17039994373391 0.0203004971912655 0.349402077427307 0.268107794760307 -0.105416047405982 -0.0666558088126674 -0.0344005802761616
-1.3603614723617 0.0377484497542195 0.351313377936913 0.192050547480047 -0.0930935891527031 -0.0500528642453955 0.0477237149286111
-1.26964715653346 0.0385780897840457 0.311993273318577 0.25636441608296 -0.0985917002385833 -0.0181718681168539 -0.00590942440479905
-1.1804772692384 0.0618810704560201 0.329153489037501 0.244795909750502 -0.109697972073905 -0.0423944622112009 -0.0107085699043714
-1.15025172671179 0.043321545832747 0.340980041317391 0.260867884412894 -0.119420275647718 -0.0621084745834001 -0.0150705392160998
-1.26938397884774 0.04448916430268 0.297420531944889 0.266795138521831 -0.106514561509343 -0.00680555571063292 -0.0310048025179905
-1.10182661388884 0.0441024653929517 0.386101705248896 0.230487498902975 -0.120568831522444 -0.0973670087187411 0.00875155278143664
-1.25189295845309 0.057183579345768 0.327242523362732 0.23048580403533 -0.118863533349296 -0.059961226590866 0.0220528053534493
-1.17467867056946 0.0091441632030442 0.360952298463311 0.266041066043457 -0.0704445071824467 -0.0570765217682909 -0.0474407226419322
-1.26264475282187 0.014716346188731 0.342050752887134 0.253138636044846 -0.069989290294548 -0.0579194328198928 -0.0097880155563314
-1.21892715131004 0.0455054429320435 0.364549367863457 0.213962990629654 -0.123932101227228 -0.0767211060162232 0.0248278929985961
-1.30877523020233 0.065948351623693 0.330461587076308 0.200527422353833 -0.108736973117536 -0.0282936751375379 0.0439622387641435
-1.14043178583235 -0.0158674522454726 0.380269352183221 0.283671713231222 -0.0752323669267432 -0.0937163113520738 -0.0438315791047454
-1.23121016031357 0.0346797906308789 0.351191327697099 0.235335816707374 -0.103093094185222 -0.042123730518908 0.000411333726380581
-1.18701090517974 0.0220537493493461 0.364790281220135 0.247306086533565 -0.083238765936341 -0.0767654511546405 -0.00887333418060021
-1.23282449205849 0.0221301826934391 0.359624122407915 0.237106413616612 -0.0962316022663722 -0.0589235677840371 -0.00249752036850585
-1.19967702021887 0.0464252275632583 0.353568742997697 0.229413954559764 -0.104621309142722 -0.064456541041978 0.0244431551380149
-1.28586283929813 0.049696141740163 0.310023157637061 0.244494972613034 -0.106607686523662 -0.0168171564673438 -0.0179914178969423
-1.24903022900114 0.0248302505925259 0.325492959760312 0.264459944419611 -0.0972911655462863 -0.0380038177263774 -0.00799281131809051
NA NA NA NA NA NA NA
-1.23825765592187 0.0289090597838266 0.360161352862483 0.228541951464427 -0.0964025695805012 -0.0669880670433127 0.00111406352182686
-1.15054861597148 0.0121368498120278 0.384757509056969 0.247254410264298 -0.0937807128072476 -0.0922606141825393 0.0195412459127147
-1.25963154006528 0.0932636394895836 0.28375433352028 0.234576820832633 -0.115417081176381 0.00636644918935746 -0.00810492647379916
-1.27144512126725 0.0417915306053107 0.332602235898107 0.233534315540872 -0.0981679637802212 -0.0354396081699384 -0.00294985524724496
-1.21097009417547 0.0142239829370015 0.364573149383584 0.248407515522356 -0.0763592385907199 -0.0739859504603246 -0.0018134677949176
-1.17584258858986 -0.024058960316561 0.365843897074317 0.295879588912711 -0.0776088564776122 -0.073418771212999 -0.0490311334678797
-1.16474608273533 0.015539354829484 0.337002564733669 0.288185831092113 -0.102122890613075 -0.0503201999983697 -0.056049621084063
NA NA NA NA NA NA NA
-1.29307373178708 0.00111349570395307 0.347097616963327 0.250987004710821 -0.0621135457551721 -0.0495582479381543 -0.0233862847571321
-1.17296964496825 0.0566657377870617 0.338953870814711 0.241518250423794 -0.122589015449704 -0.0364699458775726 -0.00324471868150556
-1.22211537190244 0.00159455389690035 0.375362852344457 0.245078668959766 -0.0819281434883307 -0.0810780864475812 -0.00078302565671648
-1.25121366307412 0.00303789447188067 0.360485257561163 0.248939667391637 -0.0541404619807085 -0.0711862644379587 -0.00533817734973431
-1.2005979986541 0.0236263231004835 0.336471883019264 0.269693744157841 -0.0976832042906485 -0.0489928512993373 -0.0295939495409307
-1.20759400249169 0.0285895833402192 0.365485452472085 0.230578110310846 -0.0950794103930573 -0.068280099016818 0.0234756594375357
-1.2086430994034 -0.0323593539011681 0.349088830654644 0.310334283218606 -0.068587857893194 -0.0605371123730071 -0.0546071323328131
-1.3356270717568 0.0261609120189813 0.319663688169137 0.244044547434986 -0.0930583505219085 -0.0291480895560196 -0.00266341173110886
-1.2362233149697 0.0659073620418838 0.341899264669369 0.210081857067821 -0.115504715675448 -0.0506219923645483 0.0125482158739365
-1.20095845312447 0.0208138838026238 0.363325531651401 0.244772775707391 -0.0800993144505863 -0.0585414524526396 -0.00549074835170297
-1.28883975677111 -0.00359045213293931 0.365136320338638 0.241102262167786 -0.0767697900614955 -0.0898716162260587 -0.00387812522419901
-1.22879145887185 -0.0191706926784715 0.362020999533519 0.279206181317235 -0.0492353583151507 -0.0685068992285187 -0.053733622825141
-1.19406245395897 0.0367315611589385 0.340341603162104 0.254124811318541 -0.0962499466571518 -0.0349964986683478 -0.0150464513463853
-1.27330855285241 -0.00255625217698834 0.365081785661987 0.245616290332435 -0.0732463575561621 -0.0838490297884539 0.00653584974199044
-1.18609344969812 0.00100214067403809 0.350171873857474 0.283738811442229 -0.091596640889442 -0.0596099234768819 -0.056414262852259
-1.37928234764991 0.0585408783516893 0.339776946610166 0.178634860008971 -0.0997436137092696 -0.0634667381694198 0.041942166607541
-1.19847787484122 0.0193054564828833 0.332054109208937 0.277005791869824 -0.0865817037350155 -0.0368503133953243 -0.0289282367222826
-1.21022830472125 0.0263990166276733 0.342718416244352 0.258482432958403 -0.0901693376815359 -0.0583014219185128 -0.0304883246248166
-1.28523986740537 0.0188277133485779 0.344635003379683 0.240260723806575 -0.0772399598855835 -0.0695279734684828 0.0141556089670127
-1.17322017349396 0.00506720287528021 0.359205751650837 0.27291091603533 -0.0780500817970984 -0.0832541010379736 -0.0217300728990518
-1.2372925089215 0.0314947757376548 0.357314230361777 0.231012013855382 -0.0949052376856199 -0.0634257009092848 0.0129377140372933
-1.1817679122518 -0.00466267465611369 0.38725888008687 0.253692069081476 -0.0793762740235629 -0.101317883686631 -0.0105298155410341
-1.11232640902569 -0.00239381840847638 0.381812345733181 0.277313155258857 -0.0853347486256015 -0.102733574047308 -0.0315983118832971
-1.22258579352977 0.0267522967112227 0.361193085860639 0.233558470341546 -0.0883529079014547 -0.0703201483622611 0.0126392685651469
-1.32676205838358 -0.00697555954875472 0.332376831684223 0.264953367030029 -0.0524574238368943 -0.0367694640896532 -0.0325350000843843
-1.08840063195152 0.00848002267717536 0.391443645025378 0.264763980365897 -0.0845105988482418 -0.0996519542619946 -0.0281727661330774
-1.1066655753276 -0.00288788117569818 0.393620613114194 0.269498014118432 -0.0768966609853534 -0.128522162809215 -0.0259656642404537
-1.24868757396848 0.0159403725467314 0.312217568795656 0.286143761837244 -0.0730409579950641 -0.00919233509977168 -0.0486213961393425
-1.28495009357681 -0.00758475423145976 0.353228477257367 0.258921004887349 -0.0713453232517558 -0.0900243297094891 -0.00773866247580734
-1.23655802580658 0.00454237958650683 0.358585482501694 0.255805102402099 -0.0753399595302273 -0.082485043852168 -0.0104730556742932
NA NA NA NA NA NA NA
-1.17564213765695 0.016108639573638 0.373558696565678 0.248763924587062 -0.105125241288676 -0.0861788495123808 0.00583776407201783
-1.12649814872856 -0.0113937097108127 0.362862232386996 0.300874254156693 -0.0698690597118002 -0.0820180293054532 -0.0625744044295432
-1.11182984453251 -0.00164944077749878 0.376454562205364 0.280618502238851 -0.0834520434231475 -0.0760920109867317 -0.0318853188962524
-1.24582830164017 0.00443182910416702 0.35115191668152 0.259881101254235 -0.0753607870089294 -0.0736066017288571 -0.0181353945785278
-1.37273094107078 0.0215787935780646 0.374848929124866 0.182598456416357 -0.0772349691796832 -0.0771520087424976 0.0586656702545359
-1.30804966793212 0.0110504651150077 0.334338194315694 0.250205056788485 -0.0722685044279147 -0.0466491745813458 -0.00896573663132855
-1.09905684882973 0.0425276421751661 0.37110045541415 0.248452978331315 -0.124868274744701 -0.088677855361987 -0.0158647281356285
-1.08131507793451 0.0127220805186286 0.379398798361376 0.273169161848941 -0.0855701741857555 -0.087998269322823 -0.034431999394783
-1.23861408110273 0.000553121768467537 0.353908984294001 0.262749671337054 -0.0795318881215335 -0.065788008686409 -0.0112039535410829
-1.22735266015437 0.0197510606981525 0.354477331434981 0.24728939319768 -0.0895513458637279 -0.0636637995760475 0.00586690159463076
-1.17864910819098 -0.00105222348543583 0.354269175099294 0.283775373416706 -0.0575390246031545 -0.0687746507821019 -0.0359003733546631
-1.19737392962837 0.0280797352399389 0.374617217673933 0.229303730396124 -0.0910354643433736 -0.0835950564263554 0.0240137524354865
-1.33466820591801 0.0527484778760443 0.324665979770847 0.21269182528381 -0.102190380473501 -0.044799961457061 0.0208780866213818
-1.30705439302704 0.0574402111146276 0.345555704606016 0.195779562544792 -0.112584984155417 -0.0537257032843306 0.0522838785243795
-1.132691006691 0.0516298387848327 0.351285264329565 0.246299953534813 -0.107853704217563 -0.0485288013741729 -0.0072271572747546
-1.10771123592107 0.0261512352296775 0.358135554784075 0.273608705768178 -0.0836376553435304 -0.0745524166559817 -0.04256047561234
-1.29588786710265 0.0473893262401762 0.346307797686574 0.208150471093211 -0.101002082202314 -0.0655064117469154 0.0381556770705709
-1.15202780992459 0.0360347497984769 0.36360747326948 0.243318305152679 -0.106131170039538 -0.0630903550484766 -0.0122049317556193
-1.20200592122665 0.0334180030145475 0.379547119452837 0.214747667814006 -0.0833448226547983 -0.092077744318283 0.01893712631597
-1.32936176497976 0.00697412928966517 0.353409970642069 0.232928716056511 -0.0663716556821113 -0.0734471679414227 0.00808872547547766
-1.33332920159138 0.0627172931933882 0.332281553930629 0.193860859367103 -0.116269573891308 -0.0241621783073291 0.0417635091643324
-1.1885502484722 0.0376543472875507 0.347466177558926 0.247697938064557 -0.102987333700627 -0.0618392948578736 -0.00515961234965124
-1.30000321241719 0.0422859270632012 0.330896700125394 0.225828041914309 -0.112449230832831 -0.041467755821027 0.0162412033028565
-1.23674222214036 0.0515026202843865 0.368005868579547 0.200714484285806 -0.122167034746393 -0.0689015453846883 0.0377501703872101
-1.19686385652308 0.0382704044800499 0.353687105541626 0.239218464129595 -0.114746344186815 -0.058003369980648 0.00012798615704025
-1.2767198710854 0.0282936856152961 0.321721077828231 0.256313772741786 -0.104789802837189 -0.0323978171274883 -0.0216144113239254
-1.14039068077044 0.0525646418131293 0.351105533357887 0.245661079029128 -0.113634264367039 -0.0651394460235088 -0.0348774279587132
-1.17014444299531 0.0305497199459383 0.333750563124201 0.27407430945315 -0.0996612821502948 -0.0384630544173877 -0.0356493913606935
-1.2778339872929 0.0339970378823192 0.314964799747523 0.259746053775941 -0.110369835849529 -0.00888814671237849 -0.0312174238660128
-1.18485157895378 0.0531138473817227 0.361339085003437 0.217833218158437 -0.123061231039676 -0.0617020276684101 0.0322592121692645
-1.24083998737212 0.0526824165474403 0.33635566990079 0.229309746259292 -0.100823291549468 -0.0325639623640418 0.0173620706036074
-1.33931150850247 0.0277350437611708 0.322727886213522 0.237519677094977 -0.0812572558572802 -0.0414508322207816 0.00747749408048322
-1.27871168367339 0.0492948349557146 0.348965700344012 0.209429459910411 -0.0873959173976688 -0.0619286321830975 0.0300816928778706
-1.13866500476443 0.0435713096664909 0.318579441095642 0.28516330875083 -0.111404969183566 -0.0315379132347869 -0.0621039398212848
-1.19438916125642 0.0190630827060617 0.363691455804468 0.248459033261026 -0.0984567315918618 -0.0692028113214995 -0.00652257624620553
-1.14315275352812 0.0375041906401039 0.367389892859257 0.24204816517097 -0.0953545950411452 -0.0729716118644606 0.0138941588091187
-1.17280241738211 0.0451933389282072 0.367481432616912 0.223824262950267 -0.112494890430612 -0.0630115612406946 0.00636698864352403
NA NA NA NA NA NA NA
-1.23572728313909 -0.00404053949559943 0.367371090287592 0.257022454152315 -0.0629735981832637 -0.0681836384739198 -0.0139072004844414
-1.25144270714681 0.0246025418098181 0.35886438751853 0.231644784555518 -0.0787185376457158 -0.0705940234435522 0.00884463862781622
-1.2455681691567 0.0655566279090665 0.339502131176442 0.21262639668163 -0.124002241386441 -0.0539540727043312 0.0420364919643316
-1.30305520756847 0.0279009473144451 0.349897023364435 0.221164370680566 -0.100587615321823 -0.0512021331085298 0.0120508344491222
-1.18032141914037 0.0517309436687427 0.30176753152261 0.281806761303699 -0.115764383954165 -0.0224332174764022 -0.0400835187990245
-1.12823508428211 -0.0120664656453343 0.384680133648523 0.280257246897548 -0.0801861462082217 -0.0905294384095153 -0.046672631008271
-1.22401854648444 0.0199669273920771 0.315401036872432 0.287320075873718 -0.0879403516055911 -0.0234951777064532 -0.0396977024299379
-1.17581639957942 0.00544607827987908 0.373708217093909 0.257668057864029 -0.0663185439376562 -0.0912673921786017 -0.00724850281823157
-1.17300130825575 -0.0115401187816637 0.398713188870701 0.251349079855629 -0.0704201633290314 -0.117549681680686 -0.00745247250205322
-1.15717753810659 0.0536185033162833 0.354342305315326 0.234306387352805 -0.124859713077762 -0.0630375713277576 0.0187866832961188
-1.26521490536159 0.0632250074226952 0.307744065051231 0.239124267228446 -0.13272754215691 -0.0164295626555251 -0.00222882001669676
-1.17011423462416 0.0305364467428356 0.358052939429527 0.252325520735438 -0.0963454749703799 -0.0776307434037776 -0.00914524704660089
-1.18130477437387 0.0548104919145251 0.376713707342226 0.203543421819739 -0.104921312399923 -0.076737086860684 0.0455041370243324
-1.25017492388144 0.0184007989492195 0.337834117482453 0.25920640180389 -0.0971052973131404 -0.0531542083525178 -0.00697743226366947
-1.27046966555644 -0.0084680185670845 0.35090034038062 0.268603188474487 -0.073474966035967 -0.0590492333232788 -0.0261596117991112
-1.13166636026704 0.0575662244724233 0.296795696096883 0.296932343463454 -0.127539228730138 -0.0150647027183057 -0.0661287747264777
-1.10397309884864 -0.0195915639021104 0.389778527929515 0.288765407459914 -0.0930406356893441 -0.100186370334062 -0.0374258658978041
-1.24246086613694 0.0304407133448174 0.357575657320147 0.2295634824184 -0.0998280600805367 -0.0698074914672292 0.0114319086732063
-1.14417783818706 0.0153990340823346 0.372820744762631 0.257474649342287 -0.0821329094445575 -0.0951553543894884 -0.0118336949800575
-1.17154718178536 0.0323393097824023 0.352015135801247 0.253387719217567 -0.0968103356601218 -0.063217758956459 -0.0120180471397657
-1.23887624105677 0.0069221526490656 0.353936372363899 0.257890758077771 -0.0716806549885689 -0.0595888229993765 -0.017471286424972
-1.18200613566494 -0.014458299634167 0.392720696104011 0.257829895461894 -0.0683085749744652 -0.101834883241039 -0.0140022329269163
-1.11247677832148 0.040364557829384 0.338051967031388 0.279048680716812 -0.119889766560735 -0.0547129067270894 -0.035382714370827
-1.24228688315214 0.0201104131601579 0.352930596920904 0.244195344524699 -0.0960514060729553 -0.07405283491737 0.0124819598885363
-1.28925598344177 0.0630685459397428 0.318765319489171 0.222047737485862 -0.109665163724097 -0.0301550140028066 0.0271482179137335
-1.09588237405954 0.0894379580376863 0.336438462417103 0.234702554841965 -0.141176832387956 -0.0529531692515133 0.0172964620063484
-1.2585066799517 0.0790673915803122 0.345993797599966 0.186115222474602 -0.125153432200048 -0.0595179857967438 0.0486358393136711
-1.13003090160975 0.0285073493558085 0.335691626410498 0.287725915168882 -0.0992719839621609 -0.0341847584332385 -0.0542686443034114
-1.27387433685754 0.00753434645680711 0.392248603682217 0.207756925870395 -0.0717302179292532 -0.0908117427880288 0.0480896886935683
-1.23138008006139 -0.00601762392026422 0.357552036677278 0.268798999202509 -0.0593458890800835 -0.0725155743627853 -0.0191453654323328
-1.25787102541402 0.00968598926275122 0.364283043804531 0.238964768574414 -0.0903724385512185 -0.0619644373107152 -0.00298137059760933
-1.38264816459317 0.0329734784291909 0.311410728384812 0.23212013502808 -0.0932783075503067 -0.0339830074383273 0.031368434590263
-1.30652445006172 0.00396688159918341 0.377783113405613 0.215361610139017 -0.073405261318197 -0.0750097963952379 0.0261033940529837
-1.16712973107026 0.0221072846976059 0.340363258935928 0.278129512320109 -0.0869498064600566 -0.054523926910693 -0.0351759658102875
-1.27706011219865 0.0312417056229629 0.344079728647625 0.230934057068632 -0.086663164060248 -0.0549410213427299 0.0199488416383874
-1.18721070168841 0.0296712499866917 0.334562219176916 0.269964256263739 -0.106222460473859 -0.0533362103379598 -0.0208213096784723
-1.24057167609129 0.0234675267821747 0.356049354834342 0.238300938711258 -0.0806893893158594 -0.0564452907765331 -0.0074051545396563
-1.22139722617333 0.0418425859987351 0.341422014861831 0.238710429327749 -0.110997278935173 -0.0686273335632224 0.00304214199238539
-1.16175586156687 0.0161468139882021 0.3911804666696 0.23518878354951 -0.0864849166888214 -0.0994217601286432 0.00031445726462537
-1.195095487571 0.0434638767877237 0.381053178598169 0.20746233779476 -0.115455778276041 -0.089269597998297 0.0231101289627043
-1.2779520876375 -0.0141864740601405 0.342188162496806 0.278875572744202 -0.0596651604353571 -0.0548155266550833 -0.0346267898992904
-1.27963406812415 0.0048513153211778 0.349858566390919 0.250125547514281 -0.0723173253762554 -0.0451879326757709 -0.00440037299682659
-1.28507575625484 0.0512136266918323 0.285754426866366 0.268712931634586 -0.111716422532669 -0.010052870111317 -0.0261540093882873
-1.18500640863184 0.0237384552040026 0.393983705523924 0.214887231825392 -0.0851638570946235 -0.110418186640772 0.0394759552429489
-1.34308601846979 0.0204987117447279 0.334845641651877 0.233268894458258 -0.0774352311943138 -0.0507349578215432 0.00779207766230494
-1.12400007951013 0.0620960212358925 0.348978310885836 0.242075374483005 -0.132727819389425 -0.0640063686613337 -0.0201035527138207
-1.23897349380504 0.0221698197057838 0.386963179659227 0.209638192302873 -0.0804530036553191 -0.0970397951028293 0.0314760233676663
-1.31785392184873 0.066195065526326 0.293335284525119 0.235105600872055 -0.11910265123261 -0.00124514274715462 0.00649609090497891
-1.22920381505133 0.0498800168701317 0.339585235806419 0.230209024486214 -0.124017946133926 -0.056636770337613 0.016793340037867
-1.30353554471894 0.0334531862766839 0.308575598619625 0.25708482206929 -0.100608595453323 -0.0171316250834636 -0.011125175822779
-1.24752343573063 0.0353420912591876 0.313954271376528 0.267571356051354 -0.098058911630802 -0.0163901976816907 -0.0287093438951246
-1.15878968184989 0.0273226139028016 0.365191394425424 0.250400972249144 -0.100779499466214 -0.0807662274569934 -0.00737420146378025
-1.08821829852313 0.0268078810430528 0.381658413194245 0.255041327313919 -0.0885782560112157 -0.093196935050354 -0.0144895062161685
-1.13280622555018 0.0367679385171833 0.342311663005185 0.270653998651677 -0.115442016344511 -0.0463079209467777 -0.0182375543158484
-1.23731234791485 0.0331281662665968 0.332319000406527 0.251925343610124 -0.104859339514605 -0.0413927843765301 -0.0245604873939979
NA NA NA NA NA NA NA
-1.23312719267858 0.0103339869927834 0.31999936791116 0.289602596855985 -0.0685106963599068 -0.024677869807066 -0.0367668439729647
-1.25423537494347 -0.0180641678909063 0.353755770198138 0.277652831846044 -0.0518002744940481 -0.0578544649238586 -0.0522063770152261
-1.44147283116044 0.0529304763594858 0.319449784752751 0.182853161535229 -0.0863533414264347 -0.0258880955752874 0.0512149075181879
-1.2841945572209 0.0201449437100328 0.344429712992993 0.239715534026113 -0.0905312279229021 -0.0566472130279307 0.0079050728530397
-1.1728066799308 0.0285146701448443 0.337458123217016 0.2712007349597 -0.106713428997723 -0.041426302323659 -0.0342198182403742
-1.22579342991565 -0.00945602014135168 0.370429634551965 0.260786738987454 -0.0537038377866659 -0.0805344958131253 -0.0124155673818697
-1.17794879941825 0.0709257546788738 0.305266467416051 0.261038159746038 -0.133858299602507 -0.000829623847464841 -0.0238208730402581
-1.24458195725517 0.0075445135341354 0.343429968814274 0.26438977598618 -0.0848297110073497 -0.0552768700838359 -0.00447507156238635
-1.23374748907581 0.00689249808103626 0.332591024656297 0.279064315936111 -0.0863779298421437 -0.0495175103485597 -0.0440074280919757
-1.18986172716926 0.0129593521740078 0.35575229018741 0.265070316519095 -0.0924482397275901 -0.0617246150791897 -0.0248683839626115
-1.01483529996202 0.0216556602412445 0.383165374783708 0.280539188726922 -0.104793820781907 -0.0862180247445332 -0.0329159406250827
-1.13129965943415 0.0204911522913837 0.364764524271913 0.263956122945371 -0.107834333296445 -0.080641877758642 -0.00296180463370088
-1.26462642761015 0.01148679516779 0.345317242648696 0.255175058027064 -0.0759809804514548 -0.0571519606205092 -0.00728903596245511
-1.29379594416719 0.0678281342221749 0.328122527875859 0.205453958985304 -0.120254113407681 -0.0516880243275442 0.0273332126157544
-1.20513776473869 -0.050488147706701 0.367977264371655 0.312293786754607 -0.037261574084147 -0.0743750555731193 -0.0585769330334811
-1.29162477767332 0.0298191382991184 0.342980987939141 0.228578537758498 -0.0974946778287376 -0.053947066709049 0.0175944908892252
-1.14963287214208 0.0310138028960288 0.35636896733803 0.257412284078746 -0.0955168059759232 -0.0747876068720021 -0.014047824762949
-1.17467089419461 0.0163710309770097 0.36947165933291 0.252123150508128 -0.0950734560681666 -0.0836854049713592 -0.00834166459247798
-1.13942219443574 0.00553228740973716 0.38586688758588 0.257296144784075 -0.0851177283726205 -0.0994002672294084 -0.00919548888942589
-1.34247416857314 0.000116618694698592 0.319593341221065 0.267234716960668 -0.0690449715240411 -0.0194572328694947 -0.0483441763346073
-1.15412514985486 -0.0288411922687621 0.413939560375079 0.258598916254894 -0.0684790183044578 -0.117373926613289 -0.00970002226406878
-1.32644957067254 0.0651747126723927 0.328401691742633 0.199622742514917 -0.10583641961431 -0.0412492627868826 0.0526209544399176
-1.1951531498279 0.0325229731904349 0.337840482921106 0.260522489803213 -0.116987336504671 -0.038356372400684 -0.016674379057595
-1.29002975088001 0.0264140404518478 0.346972839207799 0.229424805245514 -0.101777327809256 -0.058466034072323 -0.00891911888597471
-1.23363712284667 0.0458301552310368 0.361344474986504 0.21340295273881 -0.0956068648953148 -0.0815128200068508 0.029039322629264
-1.3328467420967 0.0287818114705737 0.311826826220712 0.2489708182599 -0.0714070380496549 -0.0353833118989117 0.000635203520664177
-1.14997479186695 0.0220093586408922 0.384806703846184 0.238332520789791 -0.0824788233115539 -0.100080686236429 0.0076307608897381
-1.38674676105999 0.036762736460733 0.32303021191139 0.21375460098038 -0.0759422558524355 -0.0344912052288286 0.0285073022442975
-1.2179588907275 0.0484569299974972 0.366802419190571 0.209766544056416 -0.109864284746016 -0.0866872302082742 0.027625415577869
-1.21039546028223 0.0568569851661637 0.361235347087823 0.207288443499607 -0.114531111999141 -0.0590041620039916 0.0290116144370473
-1.46057820754009 0.0491472703619331 0.292215743732672 0.210572591660146 -0.0991385869442842 -0.00209016145943796 0.0311176360664084
-1.15953487424601 0.00740575428654724 0.324353188748211 0.309713930109553 -0.0859163314699314 -0.0330314305993725 -0.0673671932239886
-1.17298732149506 0.0160373724205395 0.373331676657568 0.248319519167791 -0.0940896414660056 -0.0945889643505175 -0.0042515485712736
-1.23145142059084 0.0429474721749456 0.322428002018404 0.254697286983449 -0.110024434969132 -0.0286334144864385 -0.0173804581869867
-1.36453764673168 0.0445016945696143 0.345552744242645 0.190544815541205 -0.0999239256893419 -0.0425216534785984 0.0530899845668022
-1.30474512758822 0.0308484586976416 0.311240050416651 0.256849671334038 -0.103180023051845 -0.0148132128851786 -0.0225706549900243
-1.28956330556668 0.0207950385322955 0.333772233099329 0.247127919347116 -0.0622223199137004 -0.0315993554838967 -0.00314469158355335
-1.37125651658207 0.0159265229827977 0.319734181688895 0.243032660234003 -0.0723173054496477 -0.0355783204852262 0.00822833975731959
-1.30337257506608 0.00463206424649725 0.369906626842559 0.223511134231498 -0.0567171491037572 -0.0819183338827337 0.02275779625423
-1.2161311357741 0.0173303296881996 0.361573083549488 0.245212845374943 -0.0911856664066212 -0.0745594367680278 -0.0113216390112053
-1.25258350711437 0.022395510327181 0.33035947516881 0.259854164965088 -0.0913587263621756 -0.035479539809914 -0.0257542562038798
-1.20492502656076 0.0176789782564729 0.352301019123045 0.2587128910847 -0.0925562792342289 -0.0868431316053086 -0.00461712345338581
NA NA NA NA NA NA NA
-1.260942332346 0.0867795657380869 0.277736166629534 0.245422839014625 -0.146600827603321 0.0109111840390763 0.00738288162515852
-1.08222196515931 0.0426050337989565 0.347793702341061 0.275634522949658 -0.116232209678443 -0.067089598528232 -0.0341216296696344
-1.19300057462233 -0.0286452332104297 0.375246244743692 0.285153914395496 -0.0357446573144238 -0.0900647752103668 -0.0419591121887221
-1.23679363258435 0.038364550009346 0.338762613864619 0.241932426958564 -0.0998264880301813 -0.0517466365532195 -0.00671951821170422
-1.26557376432321 0.0422800005869977 0.332740513821043 0.232680794431532 -0.109979079748394 -0.0338979688684828 0.022242902459816
-1.26192595079783 0.0158840117265226 0.347831364041079 0.246028510197669 -0.07271762904621 -0.0517166559246011 0.00179628750416351
-1.16398989839962 0.0483115321671843 0.328616378813514 0.263354712811624 -0.116148962903481 -0.0240814991116402 -0.017289480521299
-1.15691001624474 0.0774399849632667 0.339371527435264 0.224177670277662 -0.128920560614525 -0.0471053864250921 0.0121615801552963
-1.17997661309305 -0.0101033738527166 0.37074227745171 0.275911822122316 -0.0563679478346267 -0.099653673917026 -0.0319936909005964
-1.18605021030749 0.0171684160891896 0.362447552625181 0.254628728360064 -0.0971512426043196 -0.0795740772231344 -0.00605465595257518
-1.26029501147856 0.00470727671258745 0.335131015204203 0.268825747752229 -0.0732036234342547 -0.0461659080017676 -0.0142922201442158
-1.21338342699492 -0.0138549097705789 0.385742088301386 0.254134384120167 -0.0711242836007234 -0.0871327158313979 -0.00396405311193402
-1.32063218186004 0.021496783033709 0.327371009634898 0.241999471288929 -0.0722035131317447 -0.012642942709673 0.00173850016215904
-1.2557849670527 0.0470042053949343 0.342952316662355 0.221659499876751 -0.107851945087487 -0.0609232722986157 0.0281785915763287
-1.18765499163487 -0.00546393377659605 0.353163718555142 0.285512270304753 -0.088281553103394 -0.0596488248101127 -0.0326711072898773
-1.18329757700939 0.000465856742192967 0.375688134335618 0.259095333876286 -0.0754691530523197 -0.0795143103935939 -0.0111048852440367
-1.26810436385984 0.0147241937547099 0.366024523178918 0.228658142940648 -0.0851015483409309 -0.0797851628995121 0.0155353127857985
-1.33651584885433 0.0133362021751923 0.329932980606936 0.246745161569096 -0.0708955814192249 -0.051430129392015 0.00705125052488323
-1.27565854024438 0.00524428782792477 0.334773743457529 0.267532443959277 -0.0751235938996508 -0.056478697750527 -0.0199316512604388
-1.12145724976269 0.0184389205078455 0.365761621065418 0.269839440739135 -0.0955288377662848 -0.0683869296503021 -0.033729513995778
-1.23775835519199 0.0125231165594283 0.345299916408224 0.262882571886822 -0.0812212946347627 -0.0629475478915305 -0.0357246561338718
-1.16248980331994 0.070469836275293 0.322922875518405 0.245822348207944 -0.10696547748953 -0.0258845452786749 0.000933042342235695
-1.37467841919489 0.00747390180602777 0.356888529885132 0.213329841687102 -0.0551788015687631 -0.0674305394220504 0.0267534188335343
-1.10803428471236 0.0201165245093335 0.3340538772908 0.302307530374803 -0.11500267692411 -0.0429207862292612 -0.0585542551417292
-1.26281768371198 0.0335030573180252 0.302712984788245 0.274439772048549 -0.0934342303484963 0.00343614699454647 -0.0220767939302128
-1.21335068818555 0.0738293078115193 0.316660037503626 0.235523107346876 -0.12680626884752 -0.0286591391680284 0.00159249790906995
-1.12914583940702 0.0153182897986112 0.373573512541078 0.2625944201997 -0.106961966016163 -0.0963363856295884 -0.0270281009349368
-1.21504954269595 0.0226514065501186 0.35157463430581 0.250486810132179 -0.0850681470208644 -0.0656872343612045 -0.0153059830232358
-1.35571859614017 0.0691361058996514 0.298716836053621 0.210215696188526 -0.0952982718732527 -0.0141388940777836 0.0348788252911796
-1.34984105742007 -0.0085715280728623 0.322327278982045 0.271165075619538 -0.0591403241185871 -0.0183072288292537 -0.0247382457918974
-1.27127520327434 0.0108826409445981 0.339959852189588 0.256348233892491 -0.0765848107278474 -0.0369585367432471 -0.00777774655397282
-1.26896599820959 0.0298487212321486 0.33274502951914 0.248034738946482 -0.106939183035519 -0.036291385968986 -0.0110128763073787
-1.1361724075557 0.0118288521902964 0.350494642044402 0.287805159409988 -0.0996055267816599 -0.0477758731974136 -0.056641329514901
-1.30693372470557 0.0489866107898224 0.290419465487239 0.259857591224841 -0.115324922144258 -0.00144357190094296 -0.00761314323746536
-1.26483668670431 0.0295190375598317 0.347394874762473 0.234789270445899 -0.0867561850622292 -0.0342879801875388 -0.0105777659449903
-1.26453116023218 0.0486049346660584 0.354402240841937 0.207233230021825 -0.110750169723066 -0.0546005641361238 0.00882344066546873
-1.20430123531593 0.030716722806839 0.382733933082343 0.215419906391979 -0.0951217009125538 -0.0941975469950847 0.0328416204090413
-1.18977402999787 0.00797661063847674 0.367907267986149 0.256801059103301 -0.0911746132011355 -0.0735194053270183 -0.00967134783470994
-1.28433948739838 -0.00196199063639854 0.353668793951686 0.250992299819058 -0.0760752969714316 -0.0596791263543428 -0.0227696047271737
-1.26885328159129 0.0514053542186814 0.308735244979196 0.248955987757718 -0.114886477992288 -0.00450731645967788 -0.0100724330985327
-1.12174179013113 0.00168635735382647 0.362947767181767 0.290237922291447 -0.0773364498319706 -0.0629989770373789 -0.05537816860205
-1.25828627319902 0.0150092660494277 0.373263188894791 0.224849475414878 -0.0900933630429083 -0.0952266978366912 0.0276778947700359
-1.17672616859819 0.0386452977490995 0.316453962807067 0.281674695415043 -0.100123198481197 -0.0228268200781011 -0.0367609333622286
-1.19627856176015 0.00636171378642459 0.380481678915648 0.245959613165379 -0.069486664877474 -0.103930315985602 -0.00256990494677761
-1.28002441969853 0.0600537557616607 0.321934330888471 0.224930366988439 -0.128479779732627 -0.0284062539196778 0.0132848704224354
-1.28761952786556 0.0529583022896959 0.348074402412826 0.202807876641684 -0.115416163066507 -0.0671950035559135 0.0274502017852663
-1.19881389739314 0.0594442014864858 0.359174798064305 0.212306149381482 -0.132401987123452 -0.0674720722732039 0.0249654709723046
-1.30230759517022 0.0468091107079983 0.332352225442642 0.221488951250265 -0.123050149389533 -0.0297620112298018 0.025670017474528
-1.23067080554174 -0.00847156198217262 0.34612608765689 0.282955821398822 -0.073262436992679 -0.0615484855130558 -0.0487546761968224
-1.1938354192896 -0.0121014792903238 0.367704748335653 0.275711827355706 -0.0391024652993833 -0.0821584544912704 -0.024822575342185
-1.07027916499339 0.0147392762448045 0.374887556710966 0.278272397937117 -0.090379636445605 -0.0871506121246642 -0.0494125985965742
-1.24758724528148 0.0244700400979618 0.352796227630345 0.240144927928339 -0.0966025496952663 -0.06956901291333 0.0136984240740497
-1.33832448818766 0.0244997033518099 0.308764066970517 0.256231568675804 -0.0797146132049725 -0.0281895462079231 -0.0121858034446522
-1.45972458643869 0.0350782892610076 0.308198567616744 0.212527092562945 -0.0862171414757065 -0.0134091590404434 0.0220889295963972
-1.17033440661321 0.0364902291341585 0.343901514793304 0.258229996006643 -0.10932529259269 -0.0517373405511451 -0.00637732675211593
-1.30979100142436 0.0449197934096295 0.335421354211093 0.217298093062365 -0.0978973572526416 -0.0505916829616406 0.0296511347603184
-1.28928528773785 -0.0196022389122904 0.353119207165118 0.271520626645217 -0.0708923196969998 -0.0602489587652251 -0.0316115405241098
-1.19296337692495 0.0533142501811269 0.33442353746842 0.243320510349635 -0.10897161148927 -0.0480359588697701 -0.0110234750405246
-1.12362769884624 0.025891619016637 0.373517490351221 0.252830641957654 -0.0903835617518672 -0.0854971388102788 -0.00189292307606119
-1.32031536197559 0.0269993927152198 0.366697735970371 0.199334952634767 -0.0885585562254375 -0.0857678815490066 0.0350338758307913
-1.42883301123751 0.0564852763235927 0.291661508127656 0.214836388062146 -0.0936652721172889 -0.0111929997793485 0.0394461000019015
-1.24230518171475 0.00175031378346745 0.345739007372 0.269029855272116 -0.0844550147916964 -0.0773627876856645 -0.0232094968703471
-1.40080205932749 0.0212362102726042 0.373437045627601 0.175392254209241 -0.0732838098381648 -0.0921351045228351 0.064983069322212
-1.28627921733483 0.068337985473666 0.317992831640743 0.216224274048277 -0.120018045702469 -0.0344519729795156 0.0268291629330231
-1.29440438927292 0.0393929122830461 0.353499844511508 0.208440121463479 -0.0949745252858335 -0.0613581294712234 0.0301731151174956
-1.25249785764182 0.0331132578293754 0.33735608529719 0.244426432688946 -0.0992390189895953 -0.0680530926838253 0.010196060576624
-1.36858598388917 0.047046017488766 0.301211153587993 0.230278907834893 -0.103268884355578 -0.00513983359119315 0.0168178262132204
-1.17667516290837 -0.00683108800311556 0.379500078232584 0.265763686616069 -0.0809926346113073 -0.0842553796851923 -0.0299073268207182
-1.28805387324093 0.0103458978619499 0.350031002809907 0.244206590904535 -0.0839414902443996 -0.0623716694334638 0.005432471672966
-1.22614525747021 0.0298883581178208 0.334300397766292 0.256642961228811 -0.110231227406814 -0.0483780338694809 -0.0186559262775463
-1.33110090623179 0.0383752009868624 0.333601737676731 0.219745338188919 -0.104419470273276 -0.0471838916037624 0.0238795290006493
-1.26872464209688 0.0124393377525992 0.333843333796905 0.263588408357093 -0.0789113721654395 -0.0545038618994393 -0.0185522827765591
-1.20789470966273 0.0797603827405252 0.344850806459184 0.202125552022425 -0.131916532456189 -0.0597645930751002 0.0405904256982622
NA NA NA NA NA NA NA
-1.18431965311207 0.0317682282101085 0.365802277335863 0.236880351437943 -0.101556621605317 -0.073382862820951 -0.00725594953580879
-1.31692246205811 0.0355821027708257 0.286393762259588 0.272673451968964 -0.0830301686807539 -0.0129056626825351 -0.0319344632886948
-1.28631134374761 -0.00103097930414882 0.342686095991714 0.260997325740059 -0.0742062789221052 -0.0544593832256686 -0.00837133289039167
-1.22403058076568 0.00547081873344875 0.359357510875596 0.26080409180318 -0.0985757964233508 -0.0820524470469002 -0.028138436002065
-1.17180984264025 -0.0437412055557743 0.367317151793559 0.313471095939248 -0.0503121181647172 -0.0754255234477899 -0.0599177190056739
-1.10416816669579 0.0170372337997427 0.385897854060844 0.256026242999623 -0.0853682551823099 -0.0929186953216641 -0.0259180293964594
-1.21702234169489 0.0264897160269257 0.364018370609478 0.234569244960131 -0.09919370027104 -0.0728880271584536 0.0182350492852875
-1.31964226969895 0.0237954135670893 0.320614158691765 0.248126266397692 -0.0975394267197121 -0.0511405410645048 0.0187864838469935
-1.26055397141044 0.0234750169400948 0.368131961734919 0.219267194592104 -0.0835922854183262 -0.0781727596549248 0.0311081165424397
-1.14985661691435 -0.00156562336967065 0.356542695674927 0.290519181136751 -0.0754389654149688 -0.0596874080252604 -0.0522176138957842
-1.34217472598942 0.0372152106886199 0.295641082982018 0.255798022220059 -0.0928822297994176 -0.00880293806792068 -0.0137316924841516
-1.2277586977344 0.00174321134074041 0.337727080672874 0.284152262082081 -0.057598338920567 -0.0383697715974766 -0.0441115899209497
-1.23597032281769 0.0153377885163918 0.313907608699426 0.291500151013118 -0.0885413357400975 -0.0220926413930693 -0.0426625381285637
-1.28554128415277 0.0470436210640411 0.289221498293488 0.266791774553295 -0.11389738002629 0.00274630969889312 -0.0252937512943168
-1.23466113605038 0.0243103781795325 0.315879691940409 0.27781874763833 -0.0861806668622153 -0.0134540789432623 -0.0278420675904129
-1.39102059955828 0.0717617119356282 0.326888040460137 0.174972582654884 -0.111740888241002 -0.0361007330867791 0.0659990836942719
-1.31401829240199 0.0600680574851363 0.330819352517843 0.205686166372302 -0.115861475056622 -0.039552648282927 0.0404310984847561
-1.30043384452108 0.0549788825813391 0.330894113300912 0.214445977069023 -0.0980482991694129 -0.041786501668996 0.0340081919607642
-1.14608957472317 0.0405640657322893 0.334643667160132 0.269625939482462 -0.128931131322647 -0.041050025665971 -0.0286859233711167
-1.25250086336995 0.0372817773072346 0.356984544164177 0.218895737801729 -0.0736066701748646 -0.0679442014545204 0.0126531215749417
-1.32570640916573 0.055100798158169 0.339058079709461 0.196850919272731 -0.0861231610848169 -0.0529838289037771 0.0299067182746092
-1.20165091948283 0.0384795477505075 0.328193537512323 0.260326915530224 -0.108307552075377 -0.0303196545175802 -0.0333742798130487
-1.11198056696164 0.0248202520664965 0.374654490636803 0.257207439478648 -0.0959837895793599 -0.098772382811352 -0.016037419034619
-1.10888597452467 -0.00830014894613509 0.381481628087399 0.285267513379894 -0.0758091384245654 -0.0924870198366854 -0.0520010026871193
-1.24927655015895 0.0469915486701273 0.344984864738705 0.224222165258201 -0.106581228597979 -0.0599720808215805 0.0178132398365878
-1.28349274940269 0.0398315081720836 0.322154338265562 0.242649903404396 -0.106253276130956 -0.0353135283453086 -2.69035574435004e-05
-1.28142292465029 0.0035622254980721 0.325417367241412 0.279085900250449 -0.0702361579538785 -0.0292277468053951 -0.0439173639825116
-1.20661882694958 0.0212803235481702 0.33958396675147 0.26763780008776 -0.0940454796011419 -0.0473214459044206 -0.0267343771875067
-1.25776054307858 0.0411212884266251 0.33553821843109 0.234500512150616 -0.0982554370096755 -0.0335387018090952 0.00789909769419398
-1.29763899928313 0.0265864874252793 0.341033324399209 0.234964750391772 -0.0895588946957095 -0.0585035476189339 0.000335637602910082
-1.26701449342725 0.0645763889671838 0.342778331354137 0.203029023965882 -0.132239606208602 -0.0606406543036469 0.0326744418825724
-1.13062056774976 0.0264797198190426 0.376324713007154 0.247805898930641 -0.0946130819030893 -0.0971043453471706 0.00878102629900026
-1.17931069427675 -0.0142566402657932 0.333154246037884 0.317346730450411 -0.0705939860463509 -0.044408809694151 -0.0747219037824673
-1.28557655914105 0.00204796770445716 0.364024720258818 0.237000655138157 -0.0800669582933709 -0.0815601227608576 0.0197654057435402
-1.10912442585854 0.00895122471875684 0.359834664550448 0.287500152469015 -0.102140077967759 -0.0671753037339647 -0.0380166986139902
NA NA NA NA NA NA NA
-1.13535422999161 -0.00178287730650417 0.354886239500991 0.295625761872948 -0.0824471207593628 -0.0585413613527871 -0.0599024443020703
-1.2773161359594 0.051019841796417 0.329527166282008 0.227373547965189 -0.11689835516778 -0.0369667887141286 0.0268156331858264
-1.07724047575711 0.000733959309632843 0.407213409914858 0.258316032059622 -0.0799965208491187 -0.128871027876709 -0.0146933081372557
-1.15736052638424 -0.0149381234591655 0.373709340741857 0.283074949516325 -0.0625009001485904 -0.0951705581747928 -0.0433224282101388
-1.13944787144553 0.0191405233710785 0.365147714426576 0.26315459567423 -0.0952083060495125 -0.0621074321310552 -0.0167894814707162
-1.11209740317354 0.00986357019953027 0.367617870332901 0.277694213460699 -0.0983657683695058 -0.0773425695184111 -0.03801827873076
-1.23980110045795 0.00227292612902027 0.333932976480553 0.281824787891544 -0.0683310026419009 -0.0442135486865897 -0.0353832843916406
-1.19176125551239 0.0510226351446322 0.330005474084387 0.251431524707626 -0.123836132567157 -0.0470486535049132 -0.00702361068964515
-1.25428903503389 0.039411656702171 0.358346105383383 0.216243284938573 -0.0967858862275058 -0.0747599693592738 0.0377353293011939
-1.18772753511422 0.0463739403242595 0.333600192882558 0.254793618939548 -0.137357460838578 -0.0573756721804957 -0.00299896656306426
-1.24865456996088 -0.0137668128131945 0.322537251175195 0.307666798823556 -0.0592990348793962 -0.0149227930646952 -0.0521579010474551
-1.2127487070057 0.00923319919311829 0.319171859413972 0.297021702615151 -0.0979486574923839 -0.028737090909968 -0.0613626248269066
-1.30260048276915 0.0300720790666992 0.337151051255807 0.230715025449405 -0.0877280091568457 -0.039559888783392 0.015900618223621
-1.17287597626049 0.0231894743198503 0.393916136570297 0.220389164529895 -0.0871212606694549 -0.105365633515017 0.0273818275476811
-1.16852183062062 0.0607629389101082 0.376388833156415 0.202309538778874 -0.129344346770536 -0.0884012445421285 0.0367302146787351
-1.22217599189208 0.0272539540321019 0.306466915714105 0.290399931994359 -0.0935598669342677 -0.0293037615269025 -0.0554128641441563
-1.20253847052732 0.0389343880689054 0.321287414203922 0.269271403314261 -0.106906324460397 -0.0366138734829355 -0.0153516252620019
-1.22607459517202 0.0471689476780874 0.342198177957078 0.232408873645128 -0.101684067877842 -0.0515241450592584 -0.00157594651873745
-1.26337265910462 0.0191117900654565 0.349194303566418 0.240834325601588 -0.0750551482626784 -0.0528094432274114 0.00105486710400401
-1.13945584182241 0.0385924311340692 0.347294616784051 0.262367147335113 -0.119724502841571 -0.0501444979088342 -0.0243711079590175
-1.23413275312219 0.01104944129652 0.327924724392947 0.280963366389451 -0.0725968474606501 -0.0474842539061689 -0.0427526222408829
-1.16619905254463 0.0636522333397009 0.346456163298489 0.230629637774899 -0.121845306519005 -0.0468049279409761 0.0115694167311007
-1.24887562357077 0.0455774480249793 0.352525183754494 0.215423900475081 -0.113197351104016 -0.0521477588488238 0.0394210558684305
-1.14771145574247 0.00716857538758197 0.389699884614657 0.247746531944301 -0.0781945615073091 -0.10304164247934 -0.0152473786868075
-1.23548299193814 -0.0183635068059972 0.360726190900158 0.27872714289186 -0.0625456771865694 -0.0696130164094482 -0.0441105116534131
-1.22926648416982 0.0272876869018619 0.330126453132632 0.266055979394175 -0.0957475780485192 -0.0378650498036596 -0.0314349704021447
-1.14082973162211 -0.0192844980396073 0.370569869146778 0.29717500925165 -0.0784054466843924 -0.0791966436963482 -0.0419759134933065
-1.22145787968996 0.0230303424518874 0.354717354339089 0.245165385365591 -0.093923430207138 -0.0622924467675467 -0.00731315214811834
-1.20399598597644 0.057310738733827 0.358413169350853 0.213874824300739 -0.10814830769262 -0.0799598523219272 0.025886204403148
-1.28014855838931 0.0351253050604444 0.336620532348558 0.23501888903587 -0.114498855333537 -0.0485774689433698 0.0042445481399841
-1.26157927905173 0.0547474179459722 0.322789494842115 0.23340949289305 -0.11200668990919 -0.0302014341899414 0.00467545030765644
-1.28231711363773 0.0157954467477035 0.328103015613001 0.260997280652484 -0.0823893024847814 -0.0349581016170931 -0.0195005520857225
-1.23237291038366 0.026911255615591 0.32879194088181 0.264495728476543 -0.09288835446257 -0.0369289507155112 -0.0301267307432259
-1.20819433285249 0.0437107341648181 0.330988752144494 0.253345791552179 -0.0978013216061965 -0.0546702798114446 -0.0193205197805482
-1.18024402094882 -0.00231129589143835 0.360031122304552 0.27783663329755 -0.0863161361752698 -0.0727587305173234 -0.0359303574160228
-1.35755485074213 0.0204703863219527 0.340640304018757 0.222286621389214 -0.0642395592428587 -0.0775083517197999 0.00845546667875182
-1.13353013119437 0.0254401298718116 0.360531682037684 0.263336788080247 -0.0976604247475762 -0.0770121349729988 -0.0114246747485469
-1.14317727503135 0.00188931046545104 0.363905742786233 0.280489531916574 -0.0897222681320329 -0.0826361753518317 -0.0296495330717742
-1.16577466636698 0.0420697869003221 0.364573705819 0.23471137233265 -0.108881948030309 -0.0707328199832376 0.0138758651118424
-1.20786233026953 0.0441677189807169 0.315302697153255 0.269236532244284 -0.115596762138294 -0.0174997330958547 -0.0324828180182344
-1.31303534081309 0.00918706696051244 0.352770838571586 0.234160197603272 -0.0663354824230464 -0.0547101635532875 0.00943344741035894
-1.14472078540916 0.0135693105293868 0.352211860487637 0.280823350150583 -0.0795921222818197 -0.0655907999140595 -0.0436873155685116
-1.43120950564791 0.0520053452481557 0.323347073892631 0.187397089075241 -0.11358112867479 -0.0482380314639831 0.058296737553127
-1.18706923809664 -0.0341017440735846 0.385903638745413 0.282774118584074 -0.0516191983912918 -0.100612774079243 -0.0522127199282971
-1.19325913884173 0.00346518972046554 0.344214245743364 0.284080442334467 -0.0978603660719037 -0.0530456556598864 -0.0576385885042619
NA NA NA NA NA NA NA
-1.2679127213551 0.00307379110051932 0.330263363899601 0.277101176865698 -0.077157187088425 -0.0361276476668428 -0.0394143689847102
-1.27087931667214 0.00136916426062727 0.335419043175957 0.272173415983643 -0.0880069044357503 -0.0341895962144801 -0.040117974402292
-1.18089399797229 0.0162227051167526 0.334097699927944 0.284276171735133 -0.0806316757205142 -0.0451410789430932 -0.0424111435188087
-1.35710183763228 0.0350299326595976 0.317502891457054 0.229604963771538 -0.0894819362035981 -0.0240570586954282 0.00307584669485458
-1.29763430338618 0.0764204521753776 0.304628599415054 0.220265831839068 -0.134126471543366 -0.0091755719218795 0.0279605469087248
-1.2683592441932 0.0144422448087544 0.317403292411431 0.278066594667037 -0.0877986963171896 -0.0428107045768593 -0.022090214358218
-1.24596735901426 0.0588318651962581 0.347845842346862 0.208155312424722 -0.101025282469819 -0.0576253733888635 0.040485938728547
-1.06833946792378 0.0385094050141455 0.37011834411546 0.261055525603433 -0.0942667116668558 -0.0935631651781124 -0.0314209077593997
-1.37237477791359 0.0536246488552856 0.338842777868945 0.185791678487481 -0.104835035511304 -0.0505965150943308 0.0677813964554005
-1.23709457885786 -0.010347292030306 0.363152785228479 0.267954220499201 -0.0799692326276745 -0.0722598548560724 -0.0425239549043613
-1.33416194703514 0.00837328531451935 0.314292037606422 0.267738555844767 -0.0661926343059943 -0.0338943260654233 -0.019878764247183
-1.17524304211553 0.0309338215281022 0.364307198382991 0.243102367476611 -0.107413141291395 -0.0643484072102563 0.0113829734339767
-1.1801631625932 0.0241421159584916 0.353124074753435 0.256907166128981 -0.0844790875676049 -0.0598793590125939 -0.0141624435917623
-1.31231150583098 0.0606508980419639 0.297585362335279 0.238451333505826 -0.118839829795516 -0.00311733499700159 0.00827617807851586
-1.25258063417168 0.0116482918414561 0.354232446316525 0.249622670861142 -0.0853431676232948 -0.0624508723400516 -0.0175473635694538
-1.28523141139181 0.0440402832090908 0.34209978649107 0.216082372650266 -0.104638333441615 -0.0417287334946473 0.0346698543529094
-1.2816001200358 0.0322035583154198 0.325974443770733 0.246506613230466 -0.100896506959237 -0.0192063780055763 -0.00699804370249058
-1.26483438383688 0.0454572863627064 0.324036798287388 0.239632714635893 -0.106764669190843 -0.0387349821289102 0.00678151151479142
-1.27654644536156 0.0563222290423677 0.3149275391546 0.237266492636991 -0.118239032471101 -0.0335348033553116 0.000217222889292761
-1.1154598887275 0.0110882734230646 0.387286833789332 0.256227938248047 -0.0849525946286945 -0.0907725930277436 -0.0178965825692854
-1.44893961972192 0.0316568625821793 0.303717234202173 0.220622454975992 -0.0802922961048105 0.00659558833900198 0.018885730941681
-1.32943535784724 0.0149167471924061 0.32591388547324 0.25388996668214 -0.0819380033228532 -0.0448171634007714 -0.0186782028273111
-1.2376818389643 0.0515744561713183 0.369385236627256 0.197667117944817 -0.107559870514182 -0.0807191630660152 0.0504604024398982
-1.18732127337443 0.0236799798187926 0.335433969974841 0.274846135272396 -0.104968473048204 -0.0487286870518121 -0.0343033825147057
-1.1904781511299 0.00994965660645551 0.365096597961481 0.258048272400989 -0.0836854870320183 -0.0628977039466148 -0.0303886991606485
-1.16406855526694 0.0408071260597834 0.331195951692124 0.26879666751557 -0.103442994597501 -0.0420033019209394 -0.0371333473640384
-1.23112442831651 0.0259866247857499 0.329708370068401 0.263631617531251 -0.0854345511492682 -0.0474820123514817 -0.00993525593081757
-1.1983275160726 0.0471458945042277 0.359456952545669 0.225430244643427 -0.11294621684405 -0.0809919955345543 0.0197278342127736
-1.10089612766803 0.0676398738415272 0.369160247457351 0.223281265357159 -0.130631579523792 -0.0786065024834232 0.0171987574619978
-1.18912771846408 0.0754699011467787 0.353533912553423 0.204623565042328 -0.135366797092656 -0.0813482180837246 0.0448788338106682
-1.13712592287051 -0.00242203733006231 0.354747570001533 0.298384637870821 -0.0951711835547484 -0.0706172395167242 -0.0540031865303476
-1.24029673967527 0.0468502376648226 0.358839231399513 0.213505881866401 -0.112862958750937 -0.0754579141479027 0.0236043198133275
-1.18483845896666 0.0285240880145613 0.375125351077899 0.23226756798983 -0.0973984452655373 -0.088633782382218 0.0085405772617563
-1.24160272495953 0.019156643402511 0.336388168960067 0.261103745403956 -0.104487125556361 -0.0500867885900244 0.0013258882211947
-1.05235857033428 0.022074428107069 0.372181368558855 0.279115105272249 -0.0971944027942139 -0.0859126898918703 -0.0365197366954319
-1.18399596351366 0.0389595465440711 0.324605392047132 0.271195493139267 -0.106448095826037 -0.0406687541870885 -0.0331607409282397
-1.28204276876036 0.0641956861315562 0.33272681354482 0.208430608750034 -0.114365647605331 -0.0441235024383858 0.0454139728669175
-1.16799473451865 0.00813898974321753 0.368139236528749 0.262529713890313 -0.0853096336702502 -0.0990274553363631 -0.00345074172034938
-1.18982323020096 0.0768563228614643 0.314147045539149 0.241816768393507 -0.134778027086375 -0.0113302867631165 0.0037150458042299
-1.24551402170802 0.0138133675711033 0.368969695577433 0.234511432903503 -0.0762478032346408 -0.0887231553225853 0.00411029530314781
-1.36438750741572 0.0448987607932121 0.322554099988619 0.214883061339879 -0.109382692061246 -0.0345288909715506 0.030619441281753
-1.22237371064361 0.0481732638575721 0.344992164047353 0.229400868466246 -0.106499257992243 -0.044302533492986 0.0189498703639594
-1.38777004986224 0.0312615854650454 0.331180819717836 0.210576973219335 -0.0761647238895418 -0.047162794025752 0.0365973637087866
-1.1835455687074 0.0385721088756882 0.345177316256857 0.250964217293866 -0.0969477901886828 -0.0593827033462584 -0.0205670583457321
-1.14668052096738 0.0583540175327115 0.341083776990838 0.245779717050909 -0.1297016113201 -0.0427033461147452 -0.00560178945536713
-1.2384556756787 -0.0325204122626592 0.343541161718837 0.307167366353018 -0.0518900986303126 -0.0495016785523238 -0.0660248950917283
-1.2282181959878 0.00520664178439292 0.363114058071852 0.254208713240911 -0.0811120710247118 -0.0708354317358342 0.000808028705088426
-1.20798423263565 0.0587796053199561 0.324879833440908 0.244617886888363 -0.119710897104319 -0.0267326200295029 -0.0161016951394221
-1.07770941722614 -0.0271426004576572 0.398641220611126 0.296350779734599 -0.071146694217331 -0.125942707716588 -0.0425066596989025
-1.14309926436003 0.0559976616864715 0.351452283163311 0.240267337022831 -0.136131432253709 -0.0617648627753575 0.00275532978242724
-1.35483218669842 0.0185162989703341 0.322519123268686 0.242666472891721 -0.0834487735636103 -0.034774469569557 -0.00668931681060883
-1.16220184705181 0.0290534394691412 0.352415291129641 0.261340941363605 -0.0935438966005406 -0.0523750943905463 -0.0335070956043435
-1.17532203303099 0.0326485561291497 0.358566833411602 0.245281196015397 -0.115527484655614 -0.0561466434189522 0.00754944445143588
-1.17762322788788 0.015530398031319 0.361727016036833 0.260564408712257 -0.1022225251832 -0.0947943834836269 -0.0141742865136993
-1.17215443099589 0.00402326851648294 0.376029202671381 0.260642868915952 -0.0835582299040398 -0.0831846682635335 -0.0218413197360989
-1.23254252277211 0.0198332488229417 0.331802223935711 0.270582169994239 -0.0905142158181244 -0.0436480940044174 -0.0344944029400205
-1.23566382685314 0.0515837269414585 0.331768374689325 0.234770701992058 -0.120861958204347 -0.0341776230963387 0.0111452106005008
-1.34329100828055 0.0245027674462303 0.340016973449579 0.222521410133191 -0.0937152588815299 -0.0369956508256381 0.0288416460710901
-1.14642338625576 -0.0149434104378635 0.383801218040049 0.27805524716847 -0.0784998656829672 -0.103223262239571 -0.0434525108412679
-1.02410955820124 0.0184394541473532 0.385462131471965 0.279321989719248 -0.112093345679457 -0.102678657272165 -0.0493221113183831
NA NA NA NA NA NA NA
-1.27068292690637 0.0116958108155763 0.320411651500877 0.277282334072345 -0.0697074544597506 -0.043509667422502 -0.0239437990165361
-1.15260483947058 0.0456839665586188 0.325723039095511 0.276889960355497 -0.123648123573213 -0.041692194727543 -0.0542145696074946
-1.28787061805643 0.0253503768649856 0.334800176346671 0.241513526974629 -0.102974312682801 -0.0354580884169276 0.00475680534090539
-1.1109064605494 -0.0264835048611846 0.365367866142893 0.317689386880224 -0.0754154816716153 -0.0836496488269975 -0.0641138764353227
-1.20979364098077 0.00582798976426532 0.350093696498198 0.270709683164155 -0.0864696756358415 -0.0585495761973033 -0.0326452909024706
-1.24853136981895 0.0433296548057294 0.359121597375453 0.213041608354672 -0.100569955803625 -0.0663414075613274 0.0232041368873984
-1.26778781635862 0.0483447530005327 0.309445479519099 0.252120563702283 -0.106015866634348 -0.020366375557994 -0.025428658229054
-1.325063331334 0.00192242432049665 0.317855731146822 0.273108641797596 -0.0717895330857443 -0.0387239240582712 -0.0316172114441096
-1.25637248496027 0.0491801506079873 0.362870101677106 0.19947440868123 -0.100281433558999 -0.0516956214212412 0.0445202247577593
-1.36198264115231 0.0357888160695306 0.337172132733953 0.208905993438243 -0.0895199132801583 -0.0502667873147061 0.0235444371883413
-1.21545522321461 -0.0145699986846063 0.345493700362227 0.293035869732824 -0.067390978734794 -0.0305328166229849 -0.044881049888724
-1.19813497597046 -0.0440519406702982 0.364798755760336 0.310801660181852 -0.050812917621827 -0.0791253671931234 -0.0621398245693271
-1.09575046339449 0.0256920726068615 0.35393338594978 0.280654333884132 -0.0959956618659997 -0.0665260613043962 -0.0458499108236961
-1.20924658374873 0.0195946522077073 0.330906162155518 0.276538018626855 -0.0946512232884816 -0.0360631400181963 -0.0472858276780875
-1.1563712858829 0.0497845828216626 0.349462433817147 0.24347884314716 -0.12131790370993 -0.0477491118388821 0.00458447350198423
-1.24783365640073 0.0208815437204253 0.352125504613359 0.243065169987723 -0.087656080479022 -0.0411448597859423 -0.0107181356589788
-1.29585053333525 0.0221293891124008 0.318557156411619 0.259462336616059 -0.0868009934547174 -0.0209385786275776 -0.0118204823531247
-1.19023928977501 -0.0010961185323844 0.353142291782918 0.279563423472828 -0.0774825861562021 -0.0684467104947646 -0.0180317202706365
-1.23984936502774 0.0576753576920281 0.368645782536329 0.1933846224142 -0.139171595543469 -0.0938887782193109 0.0319626512988339
-1.33345651184681 0.069863052236312 0.30504023633591 0.215245914404672 -0.121967030553626 -0.0145976610557628 0.0213329012804902
-1.24703027160633 0.0431106408334587 0.32662760035499 0.247902370723464 -0.127325011209432 -0.0381316364194191 -0.00222230772419951
-1.29740728496081 0.0213860427834815 0.341286812591526 0.239002788459323 -0.0859930713229743 -0.0612206682393088 0.0121490810381229
-1.34540403275859 0.0521129083880632 0.317449602417601 0.216352555955602 -0.10499805249606 -0.0165635162550708 0.0346915961758724
-1.28003392630949 0.0410786722744929 0.318183916473449 0.245253500493155 -0.0959543188871285 -0.0245169609751142 -0.00495199802048828
-1.18807083292831 -0.0136287656358498 0.352203617228482 0.295635582938081 -0.0630177362516638 -0.062011394139737 -0.0504610645020889
-1.41389346455641 0.00193073985827973 0.333379056379561 0.230040943940535 -0.0753465083957158 -0.0451523798861397 0.0108580817996211
-1.06876594941475 0.0242766395188567 0.399392260697483 0.244390980072561 -0.100417419290004 -0.105749038094384 -0.00636229091848423
-1.38082732030719 0.0219756135996663 0.321536110454142 0.234092512908241 -0.102551486652898 -0.0462094718109042 0.0135110821254007
-1.35260390958292 0.0502106303908001 0.338911219717283 0.194528985951382 -0.113489443132603 -0.0390027170297924 0.0422982834257186
-1.31124991738883 0.0334571163118738 0.342025792300521 0.223672588379556 -0.102937928390139 -0.0530243989372575 0.00717939422269648
-1.26321750057813 0.0553014784304189 0.307579779812045 0.248363464756254 -0.11816688690658 -0.000940227266448396 -0.0161040168283611
-1.21253012755451 0.0514983264778418 0.340964795528208 0.234608123834226 -0.12166428301633 -0.0396621588190701 0.0175379537761262
-1.29572974749971 0.0576706141305118 0.364248803332553 0.178151396699821 -0.1130486873341 -0.0819375469773781 0.0611673493779813
-1.21393457357807 0.0264536516416025 0.347117701946027 0.251131415873838 -0.095490316247453 -0.0464679920094353 -0.0119979626919479
-1.30339511872462 0.057170482916051 0.306978674851617 0.234266725505671 -0.0929722892817968 -0.0224382163492707 -0.00359793870946822
-1.1355009681084 0.0560668001766809 0.349977173833286 0.240770594550164 -0.104412229588789 -0.0676767332588552 0.0153129260342226
-1.2022834391353 0.0522858656538051 0.354457229728352 0.221669175179557 -0.101459652269192 -0.0745319321199995 0.0365188042730696
-1.37858704027811 0.00408732527809926 0.35263068895999 0.218654099770114 -0.0635326202449942 -0.0593013236859784 0.0233543415993551
-1.29888798345369 0.0387772041078513 0.302625732130371 0.25820063779999 -0.0874089831796176 -0.00724691875357649 -0.00826826474484941
-1.21826574047662 -0.000961070292603928 0.321722219663515 0.304348459495244 -0.0752067049506202 -0.0449805873097205 -0.0622874215573183
-1.12014728584777 0.0181417071936123 0.357662822927157 0.277691119973044 -0.0959721391089356 -0.059904252353766 -0.0390494825844391
-1.28203737168154 0.0232223794608794 0.335442596202176 0.24715245500461 -0.0678141977463075 -0.0530355935626213 -0.00775445944553131
NA NA NA NA NA NA NA
-1.20455146742652 0.0138367831499416 0.358486799568557 0.257052651079313 -0.102950362713525 -0.0679665201723357 -0.0200532019228171
-1.23799707797041 0.0616180062506578 0.361023412624869 0.194770012417298 -0.114222526894353 -0.074141664312313 0.0442287963382448
-1.19649185994984 0.0474497751084601 0.330616099910276 0.253612554140773 -0.116209892293228 -0.0449490576388041 -0.0129399033236539
-1.14067667985589 0.0081002840571755 0.339635347021445 0.300263073487304 -0.0974243694707603 -0.0549226660217795 -0.0367000655969023
-1.11355675351301 0.0276989929595324 0.357801163086884 0.270323655745629 -0.11518758457013 -0.053723376456206 -0.0158372465543578
-1.17418398747875 0.0310580425300433 0.361029667795562 0.247585813958925 -0.108485820459306 -0.0655417349790772 -0.031158509987235
-1.16261479665993 0.0332179546664157 0.347602365601596 0.262121507590614 -0.0988386179895628 -0.0524918413980187 -0.0285068921367629
-1.15768302590952 0.065194800266367 0.336158511636823 0.240153032584282 -0.131427037571888 -0.0502168820697559 0.00394812936223789
-1.22478649880777 -0.00175769033820663 0.364585706362833 0.259430395148093 -0.0721162007039605 -0.0781468479517159 -0.01795814236087
-1.20584352479567 0.0664303519412768 0.337780637487957 0.22292453736782 -0.10744290294532 -0.0415854629076949 0.0189832803676287
-1.27282928093443 0.0359058536404913 0.344959196613634 0.22657705344326 -0.0946281557260509 -0.0534208748575269 0.0124960758448266
-1.32668694649873 0.0205389047161845 0.346909080352822 0.223799782750796 -0.0685992156121197 -0.0462717933701379 0.0233945181120847
-1.37513026224498 0.0466472233646876 0.296169987120494 0.232393896228854 -0.0910864505680598 0.0017449847954468 -0.00296190149397116
-1.23867747301476 0.0262071187684005 0.333693440314401 0.257984230487123 -0.0853741049863105 -0.0385220840809423 -0.020857055503113
-1.29041923821228 0.0152300272714329 0.317488235899302 0.268992234351023 -0.0657126344864149 -0.0235733048237923 -0.0199859489754023
-1.30892218849012 0.0575133426597538 0.345694085448956 0.193414570873764 -0.109341187561101 -0.0599245765228122 0.0481355350962151
-1.19600244574186 -0.000899370880181369 0.342571387446253 0.288706615792451 -0.0913270497959588 -0.05993582635054 -0.030574656304212
-1.16292743691237 0.034340380464777 0.326371604074104 0.281004372096572 -0.111575662401112 -0.0203039264298525 -0.0598586044779847
-1.18929905390139 0.00323344065688328 0.349866248455748 0.2808078740135 -0.0720265262097564 -0.0609894912283676 -0.0365829988523465
-1.29919433663174 0.00313869697175659 0.336444800204106 0.260871416492903 -0.0715366548125395 -0.0555638526496385 -0.0305750361442202
-1.28800346960497 0.0395541758164987 0.314276373169422 0.247471609001081 -0.100616009866158 -0.0222172267797281 -0.011636057078954
-1.16941967125346 -0.0230451677619417 0.350912715441345 0.311570781878777 -0.0650263904068489 -0.0455725479812499 -0.0698049813316035
-1.1629963944877 0.00284493133975139 0.364779225960218 0.273097694684299 -0.0657184071379627 -0.0803343286607583 -0.0391540654080686
-1.14391540988515 -0.00415633952710259 0.396403325421527 0.254328909374567 -0.0799412728058117 -0.111934979424538 -0.00320493584474757
-1.22547026644083 0.0172571224586535 0.365713051945408 0.237647626213669 -0.0789056411483215 -0.0610799047025601 -0.00780816170991189
-1.16428541007801 0.0213916024737688 0.330787391706941 0.28704176098541 -0.0953047868564483 -0.046135360293049 -0.0307750847416324
-1.20187130917948 0.0130969170486799 0.358119834077524 0.256038390108809 -0.0778878095478971 -0.0610285601848102 -0.00806218368967543
-1.30325405960787 0.0571906202653173 0.360051765838717 0.180418227356616 -0.116925538864154 -0.0711823638571864 0.0581634519416646
-1.28998506730943 0.0267491213102117 0.370847814429881 0.205837598793348 -0.0738200909644261 -0.0994531449087089 0.0347824376583425
-1.20242495392593 0.0400451042927494 0.349011421259895 0.240309382195476 -0.102621550965411 -0.0615499765348378 0.00394458433366282
-1.23369170094889 0.0334835090751996 0.346734972997191 0.242314980793911 -0.108173700388577 -0.0543039516608146 -0.00216965509470058
-1.30592021298381 0.0413367094032472 0.283656087263686 0.271355813187181 -0.101288320317147 0.0188828265590196 -0.0223527088502547
-1.14084755630632 0.066989572229734 0.335454230528967 0.246194137356086 -0.148978577161391 -0.0474456313533437 -0.00447264325814936
-1.20069807881127 0.0081713515909806 0.367636562961885 0.255368929663531 -0.0932742855718639 -0.0916709804686561 -0.00413267694247347
-1.21828095924405 0.0212398899558591 0.354499168947073 0.249825075664271 -0.0973259234543012 -0.0536595015068815 0.000303409049494276
-1.11400490417912 0.0268903319270288 0.378254598071694 0.250120835916501 -0.0925924761901769 -0.0971996556062811 -0.00898056801088523
-1.17771059906076 0.0151008158283848 0.344477659681122 0.276676297013541 -0.0915616612558226 -0.0628104257570626 -0.0342581742621258
-1.29062661288621 0.0373976161842934 0.342549069076016 0.221877301988238 -0.0964207299767407 -0.0342949008897722 0.0078856255598393
-1.17801461967692 0.09276456916228 0.344954459464475 0.198128642102509 -0.136652197814392 -0.0407370669368467 0.0512409821608555
-1.20695651748522 0.00997921673403225 0.352374203114347 0.265294479214978 -0.0731462154788457 -0.0763711532191586 -0.02392307471893
-1.27064021630384 0.043928871364817 0.319906309437911 0.243299174512156 -0.102043994047251 -0.0208116158738355 0.0144009189076329
-1.36581242304254 0.0463843166568442 0.345830926134693 0.186572966183833 -0.0876204560024476 -0.057770977262492 0.0504155414297019
-1.36481586907337 0.053058066897669 0.320073887210372 0.205676450711053 -0.103837438639889 -0.0218395549057158 0.0379202637606159
-1.17674249151642 0.0221825280841303 0.345786885387308 0.266375360916205 -0.087624814903316 -0.0702840494997067 -0.0264583612238442
-1.18134167009221 0.0376718835603843 0.36602990366881 0.23250228205409 -0.108261354262108 -0.0670424183321332 0.0128357548293311
-1.24898520405506 0.0012347814493859 0.370944914195033 0.244385589793746 -0.0875793933571647 -0.0806472245610867 -0.00708944684617897
-1.26478851313781 0.0252566711635252 0.363420691429076 0.220933656977936 -0.0799079190031297 -0.0927478749495819 0.0144552187926531
-1.23824551094303 0.0301189709617778 0.342601296521645 0.246243848436309 -0.10564227980449 -0.043362378300731 0.00674467878889036
-1.3319359175025 0.0614362626630531 0.317899610037601 0.210477148699011 -0.115169723035569 -0.0231089492779779 0.0329465139608416
-1.06528592601916 -0.00965190257589095 0.388033031659406 0.291687187069438 -0.0898041367357575 -0.0851051556200976 -0.0487130376833397
-1.27426546068709 0.0355770333454361 0.338382390354939 0.232039714626174 -0.0864090956735034 -0.0444797331320392 0.00947697436618259
NA NA NA NA NA NA NA
-1.29957102628029 0.0656289335397099 0.3253836881623 0.2103218183681 -0.138662883531675 -0.0398639195423246 0.0258477966873751
-1.29464745915378 0.0289841464785286 0.336525914843965 0.23733694622981 -0.0997675935134721 -0.0487040498595252 -0.00531469910057997
-1.19353827911369 0.022625220993888 0.317353645963576 0.293139444649126 -0.0842451039956489 -0.0185750549334939 -0.0549382634250322
-1.19810641442647 0.0546218786387666 0.310175968985522 0.264731721431142 -0.115726039585662 -0.0101994387408603 -0.0260965167464063
-1.28768921315055 0.0170917101857052 0.391701133545639 0.195490887189846 -0.0955363235396985 -0.105557280753061 0.04564194898987
-1.22985052570211 0.0264719786529086 0.32993747065401 0.265776694153116 -0.080566203298663 -0.0467206405424381 -0.0180127161773842
-1.23974661293009 0.0273632857075035 0.347309986454138 0.244093321537195 -0.0886272111222832 -0.051586650069075 0.0117387858837693
-1.16402005649624 0.024070980645689 0.344272471882892 0.273543658319474 -0.11092999654009 -0.0613064989217676 -0.0332088048705446
-1.16104844033709 0.0207169224985064 0.373086529545984 0.249426205133047 -0.0926931061785091 -0.0912988443535061 -0.0138872110627597
-1.32565250441248 0.0164586794861795 0.35035539948094 0.226421849085701 -0.0959228715424572 -0.0697113346092835 0.0163356183800809
-1.25032636822586 0.0156303853953034 0.323380720825689 0.277043548357666 -0.0794196042105727 -0.0373509270843271 -0.0190184094665431
-1.31490324981928 0.0260881045834793 0.324673900760837 0.246146123802886 -0.0702647792585254 -0.0532748783382457 -0.00993261075155628
-1.24791538856662 -0.0052808174877529 0.335677083198208 0.287399644411681 -0.0828578389074193 -0.0386265826941731 -0.0517948919285622
-1.23595612281489 0.00253455067481461 0.352106759236387 0.263918479157213 -0.062499497891451 -0.0588703828573359 -0.0155445320108486
-1.21867660159971 0.041564806898171 0.346211842734154 0.235518407780866 -0.110838506820723 -0.0548003485552791 -0.00368590436094929
-1.14367191264532 0.0497697074452923 0.350564035621327 0.245659771914087 -0.129494878163182 -0.0489189400099417 -0.0011779658555202
-1.21522122608341 0.0176951102519442 0.34821020261078 0.2596790697935 -0.0815836041399225 -0.0426827661498896 -0.0187274461338597
-1.14477099619882 0.00891023287528187 0.38776289845048 0.250081310770822 -0.075716037684511 -0.0805242602643663 0.000607510634958677
-1.14114497662199 0.0261872387738429 0.322163234914563 0.300039302230989 -0.101227645417229 -0.0237516170088426 -0.0524945669739848
-1.24749194484624 0.000447540961733331 0.36675980531468 0.249075434811466 -0.0705663931356953 -0.0838460295274179 -0.00312683044784405
-1.20343930667174 0.02358862611562 0.361707315603105 0.243608497748075 -0.0908243182877488 -0.0761354090682202 -0.00290754621629652
-1.28420507044887 0.0472299065345519 0.333201402219677 0.225460018115035 -0.101488238545471 -0.0560851425533099 0.0174904928987092
-1.17903583446284 0.0478148146770362 0.379555506663916 0.208970739450152 -0.130998515585055 -0.0700547205233286 0.0438865780022594
-1.15579189955744 0.0247860143264251 0.362993818742561 0.255388230855459 -0.116072683309144 -0.0704505432852971 -0.00799025062649151
-1.33743965120573 0.0124778340943262 0.347726651054036 0.228657026423048 -0.0859847550626724 -0.0524456064687457 0.0176717198814316
-1.38176012280098 0.0255613717632975 0.349701757994815 0.201797724161798 -0.0914553891163749 -0.0540710734257433 0.0384039096977653
-1.19032342510209 0.0383499238898486 0.352540428753913 0.241605935457339 -0.114393408360752 -0.0611918308412041 0.00362820061341289
-1.17794362495851 0.0537357866114376 0.368831797175879 0.215283219996842 -0.104718932773117 -0.087528302702913 0.0205915796606737
-1.2545077348071 0.0418276321252583 0.360840337280115 0.211100662715688 -0.114987528966575 -0.0814913640884281 0.0244419261359247
-1.17930349867339 -0.0149793760122776 0.364316036505128 0.286114009874559 -0.0665574147271795 -0.0720593484127196 -0.0467339221171556
-1.19229298734736 0.0185267629441909 0.34717483745452 0.265770021249414 -0.0879403483187662 -0.0547664382244942 -0.0199961529723558
-1.31530014441789 0.0325825100740734 0.345040657138735 0.220285631079336 -0.0889288239683373 -0.0674668766985337 0.0233230121177486
-1.17521928447601 0.00732898940485385 0.377386023377971 0.25359811010862 -0.0895224549955006 -0.0935547564260132 -0.00618768677791291
-1.22160537882311 0.0415220819554748 0.327601279499788 0.255417085519244 -0.113174006809554 -0.0273139597403361 -0.00917896513364874
-1.16221979353808 0.028248930010967 0.414849739576482 0.198068838986029 -0.092845203353418 -0.136564998952199 0.0426153671764478
-1.26955971144146 0.0231092768115807 0.307346321680243 0.278929760034356 -0.0802425716861528 -0.0105309355521966 -0.0436408826374734
-1.10634944499377 0.05113380877924 0.363972543036021 0.242607042167137 -0.125416487895985 -0.0866707236923981 -0.00355400839493044
-1.18167720897039 0.00804254429598421 0.36401710077834 0.261998299906766 -0.0889307614514918 -0.0796271512447611 -0.00497161311083861
-1.2239354068818 0.0333756592550183 0.366240360130269 0.222744595659202 -0.0856932903212729 -0.0872343400907321 0.0234786249696189
-1.26049880673819 0.0189524466839337 0.386802438847101 0.207305607065787 -0.0835960787799588 -0.102549454923158 0.0282285575137443
-1.16969125975943 0.0208302019047494 0.366221135240273 0.250391747527132 -0.0892087667596873 -0.0671131573861513 -0.0153279391170445
-1.27990228835861 0.0358613181708042 0.353545120739834 0.215993052030382 -0.0928121385085363 -0.0701001942398607 0.0186415524265769
-1.05702276736726 -0.0301306655897754 0.395568685123128 0.309473723759575 -0.0654813462454285 -0.106207959553561 -0.0829203431672152
-1.21824113458729 0.00535120500768185 0.355465004136775 0.264893381605811 -0.0954867504358933 -0.0591099651717601 -0.041527296313465
NA NA NA NA NA NA NA
-1.1949773757714 0.0194734252130216 0.325209795463587 0.28552406223048 -0.0963613983060338 -0.0313431322361939 -0.0407872870321603
-1.20857711246772 0.0280322388834294 0.331094936103689 0.266509476894579 -0.0878193262668081 -0.0383359087390695 -0.0252009007820449
-1.32511649275315 0.0328618492530686 0.324512189500765 0.234353733518605 -0.0946493205188326 -0.0330405725752445 0.000210018706599027
-1.32402189735945 0.0323792766275181 0.322977130108154 0.236133255043722 -0.0821595191262128 -0.0238559223965962 0.00943371551985822
-1.30974615422144 0.0442320910243416 0.34550223904597 0.2083990420664 -0.104998578571015 -0.0504275559289591 0.0400304720612357
-1.42555930831816 0.0311014326069082 0.324671131230006 0.205882765726435 -0.0795671946121673 -0.0352232279625828 0.0363542087850681
-1.18127097033576 0.0365704782579433 0.346651824863739 0.251914494365495 -0.0982837149620593 -0.0525021828220574 -0.0115706235117165
-1.25856583826649 0.000975926958055198 0.322194838262537 0.290386921463433 -0.0854939949596824 -0.0181530058040847 -0.0493245474145968
-1.15249694907228 0.0447199333955205 0.335961538455692 0.262152510105265 -0.115714928648234 -0.0443647103700426 -0.0235792677000877
-1.36042973676421 0.000305320788546014 0.363663633406431 0.216832416103425 -0.0524719118850617 -0.059729307034423 0.00909905739987846
-1.19397610245067 0.0297486554940508 0.350379951070027 0.252610724821689 -0.0984335491782236 -0.0625258757761566 -0.0101016512327857
-1.08382721390128 0.0461191583921807 0.349718573826998 0.269143715728165 -0.131439269875178 -0.0522885720133717 -0.0350039189390504
-1.12826020182 -0.0194412961909604 0.382140886557037 0.290272313946562 -0.0724443678634757 -0.101548425537345 -0.0419881815874181
-1.26299847947486 0.030219355624462 0.357601137586751 0.226356125168044 -0.0949866328009016 -0.0743511722431391 -0.00592882867796448
-1.23899735168693 0.0154331814452651 0.362977098354322 0.240375391461797 -0.0830694125916598 -0.0731537873206896 0.000918822685177674
-1.17182306959116 0.0510852252039185 0.341141467538421 0.246772005654863 -0.115506009261778 -0.0521022037932285 -0.00826119086866536
-1.28974358195241 0.0208850200013058 0.351856428371637 0.229432950272919 -0.0797621474136928 -0.0630403748241523 0.0222595736453364
-1.17964669879755 0.00350075469889186 0.36971768643851 0.260743703779176 -0.0723171313138677 -0.0827379077543203 -0.0167032164461747
-1.19509066229791 0.0355928965206076 0.332532142367314 0.264421576126116 -0.102651145192193 -0.0260318466946928 -0.0311613854306717
-1.35272171305848 0.0292958814575107 0.317801434995004 0.238852886010739 -0.0912051029384209 -0.0274053662789619 0.00778186683119883
-1.17836635079887 0.0282587458114749 0.363161817124476 0.245392851855528 -0.0934953759488549 -0.0771356945967454 -0.0195846408351622
-1.23984636307732 0.00456680668829476 0.356910491100198 0.254629275593845 -0.0586398283205343 -0.0716536942245549 -0.0126493113591591
-1.25521509624712 0.0222589546288075 0.342236989035121 0.24799414116101 -0.0740524254533996 -0.0555775876465879 -0.0214297021556018
-1.22485893182796 0.0317787160506015 0.344046904776321 0.246389679514249 -0.105213132917491 -0.051515219339071 0.00146587388783416
-1.19751109567658 0.0424263950150286 0.32366444264561 0.263034665975273 -0.100347951828174 -0.0284576420777612 -0.00456789808830069
-1.18502259301314 0.0152298353794113 0.349572679360824 0.269872043965426 -0.0824468467869305 -0.0604510827966035 -0.0279656374444171
-1.31720668392778 0.0113825818595862 0.340546991098912 0.243539129066972 -0.066596335675147 -0.0506945755895742 -0.0114177457784761
-1.19286905873208 0.0196700802435198 0.325172857651709 0.288758601227231 -0.0985048499286897 -0.032776524746739 -0.0487888889018336
-1.08586656367776 0.0414994828873312 0.351560958939608 0.270144825781654 -0.104417969201408 -0.0688808612486104 -0.0315763519891959
-1.21835121895608 -0.0099004044639565 0.391760806365199 0.244436255532613 -0.068129173227868 -0.101297998292671 -0.0109704193796797
-1.29526681013272 0.0324550917282197 0.344338143129292 0.22355940345697 -0.0978839427771437 -0.0526224034453841 0.0123384553997944
-1.02764252818291 -0.0238148292373406 0.370512770893649 0.335425605578559 -0.0869457725813992 -0.0898192416461224 -0.0849858358842717
-1.25655738296772 0.0301697174811548 0.325945172034567 0.257374420466706 -0.0894282199459997 -0.0371787475474317 -0.0143823121960502
-1.21479059458587 -0.00292264441615774 0.363043827353221 0.264987678021266 -0.0706303714030182 -0.0718662153650669 -0.0147611467138317
-1.3449430871929 0.0224309700951535 0.32059712931518 0.244336220587755 -0.0824677047437298 -0.0239702134645177 -0.0132513215542514
-1.15519951128172 -0.020101060140497 0.401285770638364 0.26319520587103 -0.0549724903264862 -0.122513786514564 -0.0256790165918149
-1.14008934965125 0.0497148778775201 0.343271231956639 0.256056608677582 -0.114642912362887 -0.0572469747000405 -0.023310593075404
NA NA NA NA NA NA NA
-1.23092427835209 0.02244388397934 0.378790260135741 0.219326986957291 -0.0833547379298634 -0.0947530687611187 0.0135633269626318
-1.24217868224241 0.0653921787150075 0.326395745872291 0.224101938801637 -0.103549176943854 -0.0335158078474354 0.00995347061865825
-1.1489621176197 -0.0104844667272806 0.398184132812998 0.257977220126663 -0.0766477668182329 -0.104412355735482 -0.0138639745316341
-1.21371657913052 -0.00615439971084876 0.357659596750669 0.273442500091796 -0.0552556241708161 -0.0678201579189057 -0.0246259522072226
-1.2901000837231 0.0399064449558619 0.359789372742682 0.203717386392563 -0.100125905331624 -0.0689713703934954 0.0384518509590946
-1.15466083568193 0.0276206095107359 0.342788073385584 0.271297753725903 -0.0981684884301527 -0.0428282276556589 -0.0150790267210024
-1.12212772769639 0.0475091371844825 0.37331553957568 0.233953112937482 -0.132948806077684 -0.0820477085919928 -0.00023129774380999
-1.32675473016941 0.0412111868782653 0.350575954434756 0.199358048214742 -0.0980753307376815 -0.0686261390064968 0.0461591942132016
-1.25206057368555 0.0342871028243916 0.330751406922448 0.249704042736011 -0.0853813993523641 -0.0474788678425556 -0.00265878723985451
-1.1716464253954 0.0374252833254399 0.367596381239872 0.233895625716817 -0.109605727061712 -0.0766140290103359 0.0244152916248162
-1.1083705791692 -0.0120103104182957 0.404386952264828 0.266554123428111 -0.0647332705234782 -0.120345677923475 -0.0392715036018774
-1.24645346041503 0.0118683836165999 0.334564106184614 0.267943247529532 -0.0837572043131429 -0.029685809843594 -0.0126017972155204
-1.17713371035162 0.0530665452613133 0.333886164407748 0.251487157095098 -0.11777278408184 -0.0315026583301371 -0.0115676284009382
-1.11393609118401 0.0412418666267323 0.391295587218861 0.222662506121311 -0.118704702732229 -0.106498354335909 0.0193317962586799
-1.27370597976784 0.050631553812017 0.304829204816927 0.252099795701837 -0.095385683516832 -0.0229768825321578 -0.017229023839041
-1.23747937848514 0.0256506698723253 0.372977192729512 0.219553468196779 -0.0964646692082886 -0.0778777393000696 0.0355191535488205
-1.14706492747809 0.00629704355139374 0.376445647920734 0.260765139162809 -0.0784055276442402 -0.0824547290619953 -0.0155760219647769
-1.26827498692285 0.00279326672606508 0.338507802076697 0.268140212999156 -0.0777846354322491 -0.0416793001065036 -0.0407252251039979
-1.31801644789353 -0.0118744391913267 0.358847492758417 0.247108138411296 -0.0524359743565838 -0.066684951540003 0.00285903440836455
-1.21507930987742 0.0215152570753297 0.348283602466927 0.256176449351148 -0.0888334568749666 -0.0665694270980475 -0.0121755503667732
-1.27654123440869 0.0165333911572897 0.36999529516855 0.221262782140822 -0.0900416473022768 -0.087753511859887 0.0239351909207273
-1.33825785670803 0.0142746131712988 0.33010285260119 0.244349328614414 -0.0715442321763987 -0.058609731089374 -0.0057586578943041
-1.17839630063824 0.0295495190345678 0.329813950849111 0.279471868340112 -0.105465778293427 -0.0497817880728011 -0.047449404793492
-1.26672129106508 0.0330972534844907 0.348144657126855 0.228644348360874 -0.0988975501308052 -0.0646431695742838 0.0148804231796022
-1.21504301608647 0.0308472990841259 0.318683232495022 0.273439680869498 -0.0922805003225805 -0.0210880885493309 -0.0277220686974784
-1.12835225451166 0.0147975744820411 0.376593349908888 0.2599988722979 -0.0949883363205428 -0.0916139367897947 -0.0179887302874881
-1.3114049748918 0.02307202033147 0.334153424725945 0.24052899969433 -0.0770305951210735 -0.0392302144116649 0.00103065852641037
-1.17658730886743 0.0134691477880012 0.364656996948773 0.258581351290824 -0.087618409525605 -0.0705251158792849 -0.0209232444550819
NA NA NA NA NA NA NA
-1.17530639866208 0.0192692095399332 0.354073910103957 0.263844448978885 -0.0966896386182272 -0.0705953213457724 -0.0069979696843528
-1.21809708513399 0.0164730354455584 0.364449224454929 0.244918178430656 -0.0920961925041677 -0.0733679453243635 0.000692612783223574
-1.19883244389325 0.0473409144308031 0.340800597560482 0.24458871046905 -0.124095406860691 -0.069074672712844 -0.00305701624051851
-1.27680154234774 0.0306727157662573 0.30913763193022 0.266142282791781 -0.0953084676042157 -0.0265149009755769 -0.0284471363576736
-1.28402056345232 0.0292644041510402 0.317523800236126 0.258744200475603 -0.0941531333450498 -0.0154953707873149 -0.0222560837699113
-1.32256015068222 0.030190431342392 0.315090314510454 0.247945265635008 -0.0996584989839324 -0.0193221949584295 0.00419954435324453
-1.33236737806943 0.0101785201660326 0.324398186855654 0.256084190228147 -0.0766979519519948 -0.0331833040007334 -0.00729551737954368
-1.23531119828865 0.04745709113369 0.334713898191918 0.235640714826142 -0.123042907132631 -0.0509253648956066 0.0187698784883787
-1.26917987367609 0.0307387366867282 0.332694847965338 0.245826161420289 -0.106464944323002 -0.0451387710091175 0.00274760434362473
-1.27142115597119 -0.00283704101606084 0.369989554861105 0.243338701656366 -0.0528397572134456 -0.0961728667089747 0.00115725593715488
-1.21366150986324 -0.00353548173270789 0.352158845710215 0.276470492195322 -0.062490864453877 -0.0479872669643251 -0.0238616804571316
-1.1601291143248 -0.00573529539935858 0.369715286734016 0.279258494416061 -0.0852774158617263 -0.0823930141292499 -0.0437164841913702
-1.1019629272209 0.0230294038848848 0.357294044798581 0.27981045035899 -0.120264033611511 -0.0666568080102589 -0.0257023102525137
-1.3117242057555 0.0401872935407374 0.384376355215537 0.170471518992742 -0.106882481991961 -0.0835891255412217 0.0750487622239225
-1.22846145914403 0.0148315788505874 0.359036134958083 0.247899875271019 -0.0847047712367628 -0.0737637239515318 -0.00712745786691941
-1.26686454753614 0.01012561558691 0.340483459019231 0.260783502548192 -0.0842064069962161 -0.0445006748443914 -0.00954204186689471
-1.24021156263715 0.0150808929966374 0.38223553372763 0.220308595740801 -0.0908696454445404 -0.0929152370901152 0.0359011629029351
-1.39606591119321 0.0137253211877296 0.321815236972129 0.236107573315004 -0.078877491805976 -0.0186597464521827 0.0096800347151241
-1.35021277139025 0.0506157501068271 0.321177135831239 0.213663275074734 -0.109027950204249 -0.0378564647837758 0.0386681597476191
-1.10288520279894 0.0212387887302097 0.354910793421804 0.283084239787057 -0.0902457793426737 -0.0711348352170324 -0.0494463050910137
-1.26573228410439 0.0139176402027108 0.373003831166545 0.224312459279662 -0.0864067419391607 -0.0957336953238327 0.036083538626666
-1.24089381381329 0.017389516041383 0.325421205370677 0.274438380945325 -0.0763931878119721 -0.0407025419231129 -0.0398347990957867
-1.31428844773642 0.0782554955564883 0.306063628163008 0.209576926734455 -0.117033408465297 -0.0197140006213476 0.0323761735767925
-1.3820285855001 0.0195518972712011 0.344577344604546 0.211623615638616 -0.0889803306604212 -0.0495955513029022 0.0296434408613122
-1.24141070720391 0.0217138657680983 0.375528309966965 0.218961777550998 -0.0963170091964452 -0.0774292420034601 0.018887641192353
-1.09246172193794 -0.0211915543703146 0.346423721355312 0.336478167192538 -0.0720375029858932 -0.0540754169283179 -0.0957291461249232
-1.14411926235572 0.0550003754707448 0.36623051953238 0.224347513919863 -0.105799431096664 -0.0581526319509419 0.00950557301194209
-1.26021733320017 0.0102827788833123 0.344766659332375 0.255439704282056 -0.0808977268270549 -0.0448483490271675 -0.0123578044427999
-1.17859391487841 0.0325799224738102 0.357160715907206 0.247877050730763 -0.105862005630241 -0.0812938413538248 -0.00484431794531042
-1.3119583585217 -0.0008033771807122 0.354491189474969 0.241459633204899 -0.0639939119180562 -0.0519027260179269 -0.00185929496226189
-1.2440619742593 0.0164165060836949 0.334961688536137 0.264036376164036 -0.0705132983049956 -0.060633836462903 -0.0106648335037478
-1.21022889424128 -0.00861102915378704 0.348933721954429 0.287836246138009 -0.0679374805272324 -0.0653117993170423 -0.0555278760494577
-1.31268916495147 0.0233562143694578 0.309520564016756 0.264049179244742 -0.0900445892504675 0.00260605841241021 -0.0251265057170463
-1.29521175198806 0.0176987944634577 0.322664652495938 0.263151828525258 -0.0848978076221423 -0.0475806582571745 -0.0264962980262813
-1.24986279824977 0.0723224997996839 0.337273980014546 0.205584561102943 -0.123746282869182 -0.0480350658370823 0.0552353516143308
-1.33160177227872 0.00371977731701458 0.380809377462003 0.205378711411905 -0.0683018043420076 -0.0970636202558973 0.0458207894063468
-1.19015373551024 0.0061493542844633 0.324903273522799 0.302412500754125 -0.0766695610039741 -0.0310927175641767 -0.0704625934865869
-1.29585369210017 0.0579447262825489 0.347898141131146 0.193430148482599 -0.113623116610433 -0.0554305880646626 0.0560798718303065
-1.13949782424889 0.0139245255915001 0.369012383826585 0.264141202421255 -0.0994852495596819 -0.0710786035081654 -0.0177267995181785
-1.16540088725847 0.00990144418452818 0.330442422985953 0.301043732362217 -0.0866628018906875 -0.0324787979125293 -0.0832312134816964
-1.21212350159303 0.0547264435060008 0.306968746206582 0.264386042704148 -0.114871636915271 -0.0211782157436851 -0.020388294492691
-1.30078122943093 0.0218465432510355 0.354237688598587 0.224541671513904 -0.103280156244886 -0.0721638233205399 0.0135869205715859
-1.19888586477127 0.048924355120456 0.355456476162441 0.225425144764764 -0.102908737750463 -0.0545306751160027 0.0210731176210818
-1.25772374530687 0.00306471879612695 0.342028002283063 0.268323019165624 -0.0715459651059981 -0.0518828197565444 -0.0261772822010165
-1.2804148202423 0.0227771281879134 0.360945533142533 0.221531578910054 -0.0903317250127882 -0.0819182610572291 0.0268567292130107
-1.15331818820071 0.0580584720049175 0.3513132543401 0.233639618694566 -0.130653251562665 -0.053361497279426 0.00542517580279062
-1.24537426048716 -0.00766433547285139 0.392560198351875 0.231041061596567 -0.0562957074058024 -0.0979004373259984 0.0258659649638349
-1.25507289394549 0.00597796256998455 0.340686986728741 0.267261832818932 -0.0707390744866909 -0.0327174723752482 -0.0335823840623686
-1.18778389473835 0.00455891453344422 0.352635938225266 0.277203755475641 -0.0909444791561509 -0.0662662485988355 -0.0348888108911833
-1.34713034802738 0.0766591243890247 0.344893975452497 0.162668001325605 -0.126836642293049 -0.0487321608250269 0.0802850445156575
-1.29152154441087 0.0170495730690757 0.324620413994258 0.260311416730456 -0.07875775211245 -0.0308061580099216 -0.0209521975744909
-1.14719177510431 0.0334750042790985 0.337328856747763 0.274757543371824 -0.0984484156050934 -0.0609661099640868 -0.0133330492811535
-1.34661112462219 0.00979103334440807 0.318793791364015 0.258938942754591 -0.0755305626316844 -0.0352372160891591 -0.0048829322068004
-1.1558009220707 0.0202584519134773 0.370191065249993 0.253646788966665 -0.104776425161956 -0.091946134185073 -0.00591242892722535
-1.23270393908404 0.0204188116407506 0.372869997707059 0.226588326291148 -0.09466953552978 -0.103068690381639 0.0212885218125997
-1.23164019761072 -0.0204275105300325 0.331495316993251 0.31033748204435 -0.0493898940796375 -0.053483158289038 -0.0667729301115154
-1.18598202353146 0.00673910720001895 0.359926486645196 0.268835898086178 -0.0957442623368118 -0.0617465651565341 -0.0275526817347433
-1.16508767787856 0.00489118339543875 0.387615321322458 0.248380272029552 -0.0784035983929887 -0.0976824832414927 -0.00143970217158519
-1.22474923622299 0.0609852953863017 0.340888999531684 0.21994778939594 -0.125106543729482 -0.0511196664225308 0.0189694935345762
-1.22918463346389 0.0501035565000539 0.33207294786476 0.239246214777519 -0.108120664596005 -0.0320957300361528 -0.0011303641717747
-1.17867391381019 0.0339902077505087 0.358101194750959 0.244397589703337 -0.107887905207753 -0.0759384631213791 -0.0116714328588039
-1.21073252240298 0.00569901481104724 0.363710456254211 0.257877020801284 -0.078438258353562 -0.0722377676717433 -0.0287814880101801
-1.2482236837458 0.043205357090828 0.354495986492672 0.217661682059801 -0.104452958008982 -0.0540089180265365 0.0351272824631405
-1.193337586558 0.0324119449245216 0.285551863934768 0.31496292750163 -0.105001551652825 0.0222311147030685 -0.0807410605869114
NA NA NA NA NA NA NA
-1.26922922229986 -0.0261679045456573 0.354270386865418 0.280956163498143 -0.0559981217990383 -0.0634830218109413 -0.0631259981692911
-1.13105716238816 0.0028225655936857 0.361152929147223 0.286688543396931 -0.0876559755709997 -0.069864694276717 -0.0516123960990203
-1.26177195282323 0.0311369436718889 0.339823631182185 0.241152622149452 -0.0976181659703284 -0.0446654527844928 0.00262612588212806
NA NA NA NA NA NA NA
-1.18615470640613 0.0164341501883111 0.365966656005586 0.251195339054084 -0.083415587584104 -0.075034302646772 0.0100500348483097
-1.3677146764715 0.027100645535535 0.327107454356356 0.223425208493762 -0.0918661163081094 -0.0375339987700667 0.0209721544746947
-1.28378515020067 0.0344666133172106 0.330555525136504 0.238785444271158 -0.0725369703446787 -0.0352914625826638 -0.00109403935969103
-1.12378698945166 2.58422649664522e-05 0.372794154314676 0.280635324816341 -0.0845001043912558 -0.0983264103064715 -0.0452318046408865
-1.26690293556504 0.0368540581204462 0.322486042872164 0.251578623698124 -0.091966640953724 -0.0308795418399555 -0.0150192439959597
-1.25390582568744 0.0528610849190867 0.33520590550375 0.227656992422748 -0.126135859059281 -0.0575879427884414 0.012740933056929
-1.21515586866637 0.0179534979974268 0.364225673887248 0.24323031258548 -0.0937423702743801 -0.0843349540640723 -0.00813599798700514
-1.29131374655843 0.0476244640557081 0.335375568445562 0.2189940962151 -0.0945101471292363 -0.0493701048891117 0.0225476632514368
-1.29964636158784 0.0493536059720298 0.296576562872565 0.254789592125946 -0.116116193704859 -0.0107480602696385 -0.00782968541047255
-1.27958431156263 0.0487557628682194 0.320958987300916 0.236846762385868 -0.116913664094056 -0.0378935430042932 -0.00221115896301302
-1.22610012380309 0.044262974414391 0.334365767563926 0.241061501095493 -0.0961906612753988 -0.0263890303508621 0.00876616143403667
-1.16161651759757 0.0944823524397851 0.348324814387626 0.200917952022883 -0.15876847461411 -0.069622368026353 0.0441185968402086
-1.07633312528171 0.0242373943243738 0.392737048846927 0.250061128147204 -0.102865615308782 -0.0907750679024294 -0.00382518967472203
-1.19376609524574 0.00384756728808214 0.363388355798194 0.264544711076529 -0.0795331696836105 -0.0718067773855626 -0.0306440000290385
-1.31484888551424 0.0598646926210187 0.303883153997885 0.232109774649486 -0.108354211368785 -0.0164343654103995 0.00247385435106488
-1.25619274428129 0.0246699373323567 0.323626089706066 0.265162797104953 -0.0965416490235138 -0.0390249150509734 -0.0225073788960941
-1.22126623535792 0.0370438935806871 0.331736681010226 0.255777785021772 -0.11215734383276 -0.049738821621149 -0.0030475900054718
-1.0411305305411 -0.00521623752522024 0.402744874813393 0.279868170264477 -0.0772964100356993 -0.110999348082159 -0.0471277001311269
-1.08092145771332 0.0160576150501897 0.350764735576069 0.30029803241709 -0.0881066399882628 -0.0585608389818756 -0.0807715891147974
-1.2984308737117 0.0335937816665833 0.354310293843759 0.211445796174087 -0.0938657998361798 -0.0702736283687184 0.0295856488314254
-1.25972806453054 0.00822551389422675 0.321501794219811 0.284821698430997 -0.0885299787767777 -0.0262965992794198 -0.0417299569277779
-1.24215058122049 0.0442095070724246 0.348513464864554 0.224475440357177 -0.105916827089629 -0.0634960914844568 0.0296006869068927
-1.32410551690145 0.0603318628315187 0.335828620128979 0.197624717149382 -0.124212591181269 -0.058824333625915 0.0443389068665813
-1.24182184320575 0.0363850538192831 0.363596475439923 0.217729635659782 -0.108450513409595 -0.083158543866243 0.0232969869852285
-1.23779895723919 0.0511654918608355 0.343265435609946 0.223253690749776 -0.112052762982436 -0.0656598141125963 0.0274294995211543
-1.12714515338914 0.00790269721454254 0.373306187300313 0.269992734576341 -0.095317046785737 -0.0694172187438085 -0.0183124724747033
-1.20206951846375 -0.0152806186006288 0.365688688446327 0.278435194688505 -0.0784130757105266 -0.0645181132898276 -0.0365817122716985
-1.26886571349877 0.0323911169246712 0.358514231678974 0.21891096950202 -0.0909919578601824 -0.0772890455599589 0.0154660352618865
-1.26655192080677 0.0418873936420931 0.316286125973385 0.251870487087947 -0.0927928051588147 -0.0217234493147363 -0.00788190638391323
-1.17039595660989 0.0213858131279583 0.361338618681691 0.256013058104736 -0.111053177995544 -0.0757115213946773 -0.00336825879706283
-1.14671142463548 0.0210717631119172 0.382056501457632 0.244543759875429 -0.101544043186414 -0.0977045896699753 -0.00204358434649958
-1.29371850486625 0.0217899313938372 0.377174548539321 0.202281354860348 -0.0807923269128232 -0.0873374306602245 0.0529675381062137
-1.26038142297603 0.0371705261657217 0.333152065778958 0.240434078318365 -0.0900757283940278 -0.0318336815640032 -1.95477703024111e-05
-1.25589692794612 0.0200376867583956 0.337721175619729 0.256805970826787 -0.093998453948546 -0.0456289993854011 -0.0191132077783192
-1.25951446573654 0.00805720656573518 0.325403752576161 0.280953253321168 -0.0878612356876904 -0.0388018955722339 -0.0273788960195335
-1.15117565792978 0.0243484317019431 0.359056872618315 0.260793507277283 -0.096665435853725 -0.0677469541284471 -0.0241328372211237
-1.23916665939449 0.0555135205266227 0.340760389863523 0.21978055688037 -0.106916956357393 -0.0476773611786097 0.0297236223980323
-1.2696045941257 -0.00459161617151675 0.350986501624113 0.263313686713031 -0.0636404426756662 -0.0626266015254671 -0.0238992507833546
-1.33886744084973 -1.85467484428861e-05 0.356407353376174 0.233282590408258 -0.0511256978414387 -0.0679599747637703 0.0109982887576178
-1.22710238440467 0.084641854528965 0.312757577050095 0.222336530081516 -0.123094851799495 -0.0221185245747351 0.023317100177553
-1.1542846005522 0.0129065896802291 0.334791266855375 0.297984933359308 -0.0887561181581493 -0.048788993767135 -0.0610793024096888
-1.23546908893055 0.0343330366490297 0.365158380695599 0.21985742372155 -0.0909801809651062 -0.0716550524104221 0.0242483450546806
-1.16895359929437 -0.00667100845734272 0.386531383706078 0.259326007433975 -0.0883609911283632 -0.117976958205889 0.00525570249269596
-1.22926427859593 -0.00661675196962788 0.366645296446164 0.260130518157007 -0.0548952984547016 -0.0704800415257516 -0.0227221622367988
-1.27786463935756 0.018359379047237 0.350921298862142 0.237629904099144 -0.0897275862937219 -0.0512272792552085 -0.00923763127940025
-1.32430276353459 0.0257791359071687 0.362471310537498 0.206012327794233 -0.100109453810062 -0.064030343036468 0.0447193378643387
-1.18367918698258 0.0346237045571994 0.351761617818287 0.249194185502348 -0.103985716984692 -0.0560398324518791 -0.0137800583763661
-1.29801506380271 0.0459350035047159 0.339477282103538 0.213867459202837 -0.106609398723758 -0.0393421782983006 0.0391360305034678
-1.25516601939614 0.0144192671205871 0.350405009821728 0.24910841461327 -0.0965344861078354 -0.0646725785556244 -0.0130197729232324
-1.25105776747808 0.0100826384104746 0.355647827636626 0.25088365212581 -0.0797222157349698 -0.0676932474615384 -0.00346111437006576
-1.12839396828483 0.0333681352792704 0.36355752111425 0.255100026499087 -0.0988285172460637 -0.0824406902455725 -0.015393234374867
-1.27763497739769 0.0378056296398434 0.337028510665772 0.231369470137035 -0.0847578175558693 -0.0522760307256831 0.00364333019983032
-1.3011513359915 0.0344134305818277 0.364927418707586 0.199753937208856 -0.0863340950920247 -0.0647116431090304 0.0490908441792851
-1.24659079921259 0.0291784144057281 0.318245715214041 0.266588955197529 -0.0941132633252756 -0.032261343006867 -0.0224366130486491
-1.36292623414083 0.0541105100329418 0.306482383160597 0.221205709476137 -0.108559578706166 -0.0253027745407667 0.0247857363901462
-1.38925622558032 0.00730215130569241 0.327024601511904 0.239176887212808 -0.0832115301994768 -0.0561449243572915 0.0145786113326695
-1.06949382711246 0.035841467400635 0.369447106962661 0.265372704435591 -0.116468908714329 -0.0874814040398639 -0.0193772108152194
-1.3559866520146 0.076879742777687 0.300551672325815 0.203649547247898 -0.123964319562823 -0.013257171467447 0.0464560605502622
-1.18665395186606 0.00311306359556083 0.363020771802752 0.268171821561594 -0.0784449464695623 -0.0770581944199705 -0.0257365648750156
-1.25723621737378 0.0229223412420554 0.343000762835292 0.245872727123352 -0.103975779012305 -0.0600617465492173 0.00155400571622892
-1.18837585049865 -0.00678646849312701 0.34767278423125 0.292631672832057 -0.0802071455323769 -0.051607264156861 -0.0433039472497667
-1.32522966812876 0.0237698516823938 0.36893288113017 0.199716465423199 -0.0913666779846269 -0.0747602524412001 0.0490860265529959
-1.1975588098749 0.0310230946091974 0.366949474703441 0.231752461907725 -0.111608771868504 -0.0642116130003391 0.0174784740317227
-1.33768142338541 0.0217173101878759 0.339144649699122 0.227926454212337 -0.0911686823245013 -0.0542704817424273 0.00841387085744008
-1.17455907621808 -0.00841925460201407 0.348858082618564 0.297533636851681 -0.0710886575860342 -0.0566870262010095 -0.0634436216431382
-1.29902695318754 0.0395044179162635 0.33670713502912 0.224759909164719 -0.0980658103801824 -0.0490932241731556 0.0124015414802016
-1.24047812199329 0.0569426626255525 0.323474319377483 0.237737053598642 -0.120337208853987 -0.0395079237846554 -0.0106795222724126
-1.22850057127342 -0.00117668840809437 0.34511758042198 0.276886136469985 -0.07033562588044 -0.0505067686333654 -0.0344788858180463
-1.22512146156839 0.0251880568474379 0.357023992615431 0.242003374911195 -0.104048270962747 -0.0541045549476636 -0.0129788842408242
-1.43671525191714 0.0308304880211462 0.304702034498386 0.222767518950397 -0.0845693819188675 -0.026836253965287 0.0283214466705407
-1.1881730488044 0.0228949704126185 0.365960345403648 0.243951160892394 -0.0914856491544194 -0.0755472177971744 0.0118900973319796
-1.27034483737312 0.0214134917060631 0.33221332056508 0.254007618096692 -0.075023140573671 -0.0513375945945225 -0.0242931841272323
-1.29205471067924 0.0369193354410994 0.317862139231667 0.245745732368706 -0.0832510736653849 -0.0285343366725592 -0.011450648261783
-1.45183742700912 0.0228492103038131 0.310985727746124 0.219127183037188 -0.0718843385281098 -0.0211011334896001 0.0219925197017906
-1.282143433497 0.00415299575027486 0.370908868539683 0.233542534246006 -0.0862150444637908 -0.0862312251791231 0.00585963839095956
-1.11979672153947 0.0545505467640835 0.352023215007833 0.247043290256414 -0.131789414484987 -0.0575031908909817 -0.00162920623729647
-1.30201699603213 0.0709792674113536 0.313020959701278 0.215681380967043 -0.118891205141252 -0.0171663270112953 0.0318158348728471
-1.22798521017748 0.0308311830040993 0.329642523047382 0.26173094659438 -0.0973049394982439 -0.0420356869292901 -0.028260619304099
-1.10843842789566 -0.0225085520373798 0.372460527535017 0.306032462151745 -0.0645708936082985 -0.0838298487256618 -0.0741712823020687
-1.11350585044342 0.0199643666495498 0.365242931092794 0.271923471133728 -0.0924890088631052 -0.0626653793074665 -0.0466495107003307
-1.2377574882226 0.038349440119811 0.311248266059025 0.267901809729249 -0.114358570323161 -0.0339375396075418 -0.0159188525518968
-1.11291172950735 0.0356697640539952 0.370150329162928 0.253748927802682 -0.10359316722854 -0.0893562834938773 -0.0142541648255449
-1.28157436862428 0.0585753756396333 0.300511480305977 0.246222333815393 -0.11240060243608 -0.0168068042146609 -0.0178436449538149
-1.29591260184396 0.00743062780603573 0.348590921184534 0.246348106603017 -0.0792633912454302 -0.0586665136718412 -0.0157942995606425
-1.20352010630284 0.038332213032614 0.350227455710969 0.240040002229585 -0.109065939505932 -0.0595544938072173 0.0140909738122678
-1.14802820150083 0.02025812883286 0.37522030366905 0.248498381690545 -0.0842946106175261 -0.088695929156588 -0.0109738421172327
-1.22704417860703 0.0519000781967601 0.316705540897433 0.25214023393823 -0.103730380902225 -0.0273472789533902 0.00057030077757746
-1.15501175915717 0.070935279665454 0.306776840504714 0.265416642964151 -0.12747513520104 -0.0312840689020406 -0.025659907285059
-1.16445686970479 0.0205038961251428 0.3607557593697 0.259866184642458 -0.0893387722007702 -0.0808813566090854 -0.0290158688978187
-1.18094162570539 0.013813338691534 0.341238136828988 0.281185945160413 -0.0849164964179167 -0.0471741064603027 -0.0379829916373704
-1.25640929958576 0.0226604482486118 0.33758580583182 0.25380386030721 -0.0975644837663723 -0.0532318198773342 -0.0112661641739449
-1.30000097831019 0.00935945197051595 0.351439584747001 0.239516566515516 -0.0767784355091267 -0.0654695171953443 -0.00786681222001306
-1.11888534883773 0.00897787677254347 0.388401649346951 0.256715946066428 -0.0886145281979748 -0.0953121556252196 -0.013849520059124
-1.3866899900501 -0.00952290273066731 0.344389567990651 0.240004482326948 -0.0582697415605048 -0.0574303348306987 0.00286825802246754
-1.13270863172907 -0.00255941080671601 0.388608650368498 0.263336848718506 -0.0753150829648695 -0.100064813664174 -0.02778548530501
-1.16473574361974 0.0378629123396737 0.324525417682912 0.278253211797895 -0.108746594148737 -0.017931698876143 -0.0258231059825827
-1.21491273325242 0.0180096247115688 0.359583911175986 0.247271656543869 -0.100226248859415 -0.0678980159279191 0.00663939446569785
-1.13703540774506 0.010558473583486 0.365549745003173 0.273715461023425 -0.0953099039569584 -0.0801590302231986 -0.0225648729711213
NA NA NA NA NA NA NA
-1.15363197139639 0.0117655949935203 0.344410057089599 0.289050512078355 -0.100590394127219 -0.0407433579828366 -0.0587010810318876
-1.24928317805978 0.0497391281411503 0.346386167015952 0.220036467529876 -0.109597909626866 -0.0505313190210772 0.0165326888709058
-1.38159983996842 0.0642269760980713 0.314832369753767 0.198998151108464 -0.125481272503019 -0.0194637968060402 0.0454110759092165
-1.16053953246466 0.0246972725935455 0.379395813634324 0.23941079890939 -0.0926946195192801 -0.085846954556444 0.0215494834258681
-1.2023103567959 0.0126078488013019 0.339402368302648 0.276984235280981 -0.0854015982153944 -0.0537049958167769 -0.0275006573241393
-1.38157854291879 0.0678814807091905 0.306846939056767 0.200249682441746 -0.114461475394075 -0.0210252111769462 0.0452044058702563
-1.21669017806913 0.0218167567617093 0.330429287315577 0.274467608065721 -0.0909020245663969 -0.0318013753863896 -0.0248698302554503
-1.17719343068129 0.0132143491696821 0.403426208259439 0.219510101613222 -0.0876538635329343 -0.121817758972627 0.0326914494925301
-1.21371659687471 0.0325287048558354 0.339257365565398 0.253263323318269 -0.106441855036127 -0.0554634829651448 -0.0104505732107732
-1.04612427345235 -0.024118096300642 0.386181534952962 0.314830792514628 -0.0679813605310662 -0.0969609373538684 -0.07911978886737
-1.20279661172733 0.0102369209914316 0.369755969992167 0.248449844188084 -0.092584861169872 -0.0879047025768126 0.00123156002829243
-1.05848512398695 -0.00326650902559994 0.405610806753687 0.26862950230899 -0.0897261413066113 -0.112239214073338 -0.0119758194458603
-1.17138434920032 0.0336727097441096 0.361538311573245 0.243734636614756 -0.096729942625828 -0.0715951889952787 -0.00446898455923777
-1.28214651944548 0.0384264370476927 0.336456269148708 0.23066856371976 -0.0944571334206122 -0.0402171913148802 0.00203409151660547
-1.22560092987159 0.0194164447267592 0.349262598875822 0.254084521450258 -0.0843608399869282 -0.0647368992725492 -0.00745844423440316
-1.22780576034001 -0.00224561031096793 0.35688751019046 0.26599675830134 -0.0646443386235021 -0.0531372457500216 -0.00347768287635015
-1.10229797245419 0.0521584715080624 0.347279633230917 0.260112885056164 -0.116663475641943 -0.0628116309068143 -0.0276288839348639
-1.19205318466295 0.0535952106196862 0.350334054999477 0.228519403202628 -0.1172271774058 -0.0542564414373492 0.00122872401580076
-1.20033448810744 0.0516765513192166 0.315778678943687 0.262428761824765 -0.102622833493516 -0.0314087159083725 -0.00817678371188512
-1.27976392358171 0.0293299127947917 0.335699783316076 0.239327995012733 -0.0841698703274712 -0.0313907282871577 0.0136291130373448
-1.26206798679681 0.0136568107790595 0.350338818156063 0.246919754723131 -0.0685658228453784 -0.0487435819070138 -0.00803300431887325
-1.12514728377073 0.0330809923790208 0.344840642023512 0.273777254667036 -0.116460362974498 -0.0538111378273719 -0.0177015554250042
-1.12602360904175 0.00797029123357003 0.392224202894452 0.253472933548197 -0.0729792612419719 -0.110977764867375 -0.0145693482807522
-1.23986144469293 0.0443384415956147 0.336175915301416 0.23683617378643 -0.124036746926287 -0.0587063209095606 0.0110811556297881
-1.18647945328769 -0.00121053137810751 0.352598444544259 0.282477129666351 -0.0915401210582995 -0.0574871275097894 -0.0404454984627862
-1.17274272008163 0.0499625063718862 0.369157275368857 0.218331164506735 -0.119637741920572 -0.0648392728812378 0.0299650769875993
-1.2162207656054 0.00546152489177268 0.365635975190474 0.253340148592007 -0.0793004768343767 -0.0828819319810572 -0.00237668672794541
-1.22288990660289 0.0153321448068208 0.342011753674581 0.26636762811313 -0.0818372282313115 -0.0321180526568556 -0.033577951837188
-1.23516353204708 0.0245003330053818 0.333445991906878 0.262246975838465 -0.101791511708637 -0.0328194781792252 -0.0215257021043749
-1.25186873885479 0.0238435411995551 0.33550183665418 0.256132477675339 -0.0881894802817848 -0.0517065488279942 -0.0152322269822582
-1.17974178647823 0.034850962883685 0.352481123648682 0.247900227446874 -0.101927431226419 -0.0688879331032264 0.00474830147233931
-1.34920901835385 0.0321929838781109 0.329722404835979 0.224101976137087 -0.0937299728724409 -0.0294875050484355 0.0204785354484053
-1.22765685344168 0.0409529873961098 0.353024630527898 0.228292526721746 -0.104212870329195 -0.0774801777283232 0.0206608553978434
-1.11673443774792 0.0288952508287899 0.377441718063058 0.247814157477241 -0.101426407545421 -0.0795533442177602 -0.00096867467195823
-1.26703319074769 -0.0157154681196435 0.393854791495548 0.234003145714064 -0.0629103453264527 -0.116542976149634 -0.0030456790163391
-1.33422342941143 0.0514771187520698 0.348200915252772 0.191218484604903 -0.110627075250518 -0.0550796111393323 0.0426000366607376
-1.12180000043144 0.0189644263564624 0.365761859653827 0.267549090381265 -0.106475586353732 -0.0608831607405876 -0.0128209112392678
-1.11102447547159 0.0351484956705321 0.329357100792385 0.291680814250626 -0.116665027355237 -0.0369831271214233 -0.0549667197815157
-1.27693807411846 -0.00918795072019797 0.366474788172557 0.252037316395985 -0.0618352153214777 -0.0729753343560721 -0.0202089293436145
-1.18876851953146 0.0331454718448119 0.336950267198136 0.262272260835685 -0.0960069573930993 -0.0379832881109122 -0.0146555442007919
-1.37822266018026 0.0255001581735069 0.284601300175805 0.266493923083413 -0.0804537379403775 -0.0101756679689427 -0.0140120724173784
-1.31204516150673 0.030258129288129 0.3402059535847 0.225798663167898 -0.0860145691186115 -0.0579123807838633 0.0229582838780698
-1.28422991382746 0.0223680315727075 0.331188286309344 0.250396826224523 -0.0842489511257805 -0.0350857572853783 0.0120556431047371
-1.24244237210364 -0.00388445252005576 0.365184335787073 0.255124256536458 -0.0593804011999814 -0.0837154656462192 -0.00506313278263889
-1.26300277448783 0.0573870637027441 0.339350928986469 0.21425193742975 -0.114836082106625 -0.0563262640547188 0.027347264624561
-1.31089773318823 0.0410968412219285 0.31629461738341 0.239247366569279 -0.0970705046974372 -0.0242135393293652 0.00273349967215335
-1.15249969089505 0.0629138758762147 0.328774198435058 0.249343637391546 -0.121111173390638 -0.0330116078323648 -0.00636068957892379
-1.18755487754735 0.0197410003579705 0.344350616531574 0.267660434786461 -0.073406114743172 -0.0521606439461067 -0.0364915885021296
-1.21295654042633 0.0314556335595404 0.34692645765096 0.247107289396884 -0.0997920936337901 -0.0505250554554067 -0.00481422731198355
-1.23659568683567 0.0332162194783206 0.357476959421936 0.226079732088677 -0.0932005155677906 -0.0693283727571374 0.0206930680167454
-1.32146944120373 -0.00358697810049203 0.351572338257776 0.245275551908409 -0.0806050201827579 -0.0583307035257594 0.00173192802416178
-1.24091159216112 0.0189268345964044 0.347179233219042 0.249726021422855 -0.0870953109569373 -0.0537023602917865 0.0010580908415651
-1.09653120526321 0.00210939844304119 0.374989481360772 0.283740905164638 -0.0835271131177434 -0.0751727334225136 -0.0344614380577477
-1.21309497636343 0.0270952279634154 0.352578554644016 0.246965071469781 -0.103131046347864 -0.0662047949903254 -0.00369509791323287
-1.28241252426056 0.0373952643674726 0.368379351125864 0.199075822990652 -0.0887036591875455 -0.0858388643378137 0.0412838551265915
-1.20560210471536 0.0501418022341232 0.35213567000113 0.225982996277566 -0.104144179886246 -0.0615727404598506 0.0026890086721
-1.05905022725205 0.0128767628495629 0.353481070401115 0.305303395555129 -0.0845513731893739 -0.0550776223233798 -0.0699046278763294
-1.25227174830789 0.0552010826284849 0.31269962661879 0.245784302460462 -0.102947177629391 -0.0282238082058361 0.000318186145874628
-1.1215715679894 0.0512937872480192 0.35451840122901 0.24737772520544 -0.127601967167895 -0.0678919192931516 -0.00346901075586424
-1.16509288387522 0.04825662341725 0.335688201388354 0.254733485822797 -0.129978731231174 -0.0284730076054767 -0.00273743394582703
-1.31454754317043 0.0769237551801481 0.280593305121996 0.238581340689825 -0.129132719194036 -0.00197487713347066 -0.00798144408515896
-1.22236446568976 -0.0155398311518502 0.381426009483705 0.257951873631439 -0.075383162955093 -0.0906553534789434 -0.0283026405183916
-1.26328969712933 0.0438598582929358 0.33264666338167 0.235086230047263 -0.0980186459172964 -0.0516090844885382 0.0062227252964756
-1.4062390283176 -0.0107563417530233 0.349553494169533 0.230401855753294 -0.0624916514418477 -0.0617571153313867 0.0221644473406215
-1.14789655133651 -0.00305859406333072 0.35779273813376 0.291190027397152 -0.0790858500054096 -0.0625289837548586 -0.053906597186985
-1.27848804597884 0.0234947856376905 0.370361202630268 0.212877544815203 -0.0921603458159646 -0.0917193441076147 0.0282055257746903
-1.23659387675802 0.0265303189199582 0.326798404303461 0.26536053805173 -0.0994443468416202 -0.024993731159948 -0.0365691626121901
-1.25659494014808 -0.0473384980958408 0.34587093816916 0.315389848894085 -0.0444237605296078 -0.0624030103115774 -0.0867499646251259
-1.30528455384612 0.0263203706667799 0.316787628318649 0.257470861709856 -0.0785104936749394 -0.0280264607619455 -0.0228078647613481
-1.27549557633276 0.0302680451168143 0.346721024293223 0.228782610972147 -0.0887213558210043 -0.0496615534078616 0.0109534354627758
-1.13700219482313 0.0581777042476088 0.339027529856193 0.251914175553209 -0.127391773114058 -0.041832536525405 -0.0064596994337334
-1.26625988189686 0.0366516207325193 0.352235130362737 0.220203452250284 -0.106575288354303 -0.0603316949976183 0.031692872600447
-1.18423929814997 0.0405163399449903 0.356250829554833 0.236628329100966 -0.0968232083971902 -0.0769324892740604 0.0234318483047719
-1.21133255275181 0.0142042958900886 0.358065939853437 0.253150532234729 -0.0980365408874552 -0.0692955697075398 -0.00736397905835473
-1.04979340078517 0.0176159247572696 0.342560373325858 0.31519179990315 -0.101848762974506 -0.0463785139470636 -0.0829233750791025
-1.33469604681144 0.0199570794727608 0.362101145133673 0.205945548016278 -0.0598975821494479 -0.0604487386235809 0.0344852331410168
-1.14831377148508 0.0125510549489715 0.331470788779717 0.302663658074657 -0.0836373475041934 -0.040606652175527 -0.052943094587686
-1.13151909396175 -0.00717960312446869 0.385417719411945 0.27498707066663 -0.0865463238627422 -0.106639394166092 -0.0399626369204021
-1.30868861318832 0.00398997605839081 0.356279882607392 0.235951568187583 -0.0770637552949359 -0.0576851072073704 0.0032361312623485
-1.06091907606637 0.0254496115331838 0.403333323805204 0.241100938826072 -0.109577532988927 -0.11491179985117 0.01320999307917
-1.26615518965175 0.0270055894998992 0.340256887097349 0.242286494259662 -0.100553024090028 -0.0430672063687068 0.00404130091072978
-1.21786031663511 0.0472957078553344 0.338462659159314 0.239269445139501 -0.107978898908355 -0.0422420039300756 0.00657294775268963
-1.19136330897307 0.0220964027739942 0.329265639178076 0.280898440150172 -0.0908741015907903 -0.0221468770999556 -0.0307585650148076
-1.25845935427646 0.0393733789861471 0.341772591560694 0.231938312051216 -0.112089389394682 -0.0511611688932474 0.0176361096654271
-1.28485076236255 0.014806176702992 0.34802839628955 0.24038584345552 -0.0810048258164332 -0.0537863442461189 0.00922266115509893
-1.29917511093782 0.0658321532728798 0.317177586987841 0.219940456100475 -0.123836881854628 -0.0350402287465175 0.00317517643974182
-1.24239171238554 0.00807821415878803 0.34895169317833 0.257164404275583 -0.064154677158015 -0.0605678839556271 -0.00497832506785415
-1.26228526255913 0.027594099692798 0.335737601877791 0.249530950750608 -0.0951513706006444 -0.0583243278960779 0.00337735783857621
-1.21132262929046 0.0264714823144876 0.345041277201175 0.256083634160728 -0.104227980424014 -0.0497844010721435 -0.0108666551811229
-1.18212990509216 0.0242389911926924 0.361867942036132 0.248278335779342 -0.0875750156793349 -0.0615339601665174 -0.00360491523048608
-1.28459153005448 0.0308310496485143 0.332896371618767 0.241937782042094 -0.109117066878013 -0.0230182601327329 -0.0161795498202383
-1.14270939886233 0.0216896668728682 0.330122557953213 0.295151281464763 -0.086926993957165 -0.0377325754569293 -0.0568556465613233
-1.32308091156106 0.0109992685455929 0.353799207162651 0.22939287281183 -0.0670721111525108 -0.0623921588881895 0.0103125991970319
-1.25948776502141 0.0111222018842472 0.386488945499224 0.213957955968896 -0.0699784091931466 -0.0972327678593605 0.0278034757680166
-1.29727413625012 0.0114712658802133 0.341211713133167 0.24792877840011 -0.0742575764102007 -0.0474795675568064 -0.0108940782561859
-1.26771040059501 0.0393978546878365 0.347649627547459 0.220486619295887 -0.0993100311305087 -0.0558243659905886 0.013986376355473
-1.17730312796023 0.00655581346124164 0.345148838167386 0.285077709048987 -0.0886397244190871 -0.0331820625665788 -0.0549870308183472
-1.16727443422896 -0.0121637458734662 0.334177344406039 0.318413799215421 -0.0766711568410445 -0.0432035838390551 -0.0805482822703171
-1.22245245291717 0.0107975602485075 0.349690036937312 0.26486714089974 -0.0849209682456081 -0.0541889222437359 -0.0238103059929398
-1.31963981566685 0.0380377473791078 0.350645949205594 0.208032774573207 -0.0975676993804535 -0.0454002546929275 0.0254008496780272
-1.32771582603384 -0.0111888106249673 0.372941704140017 0.228859470382347 -0.0492913832907363 -0.0710446640213506 0.00479504253993886
-1.26775920236253 0.00538720523779143 0.343622419507179 0.260816856794475 -0.078683833300238 -0.0641652679287506 -0.0210582438601364
NA NA NA NA NA NA NA
-1.16284877094677 -0.0169110800357856 0.402576749350008 0.255164813017167 -0.0771261776114737 -0.113813658221009 -0.0054177477928312
-1.13958631709279 -0.0200736015645626 0.393777068292912 0.275760146284864 -0.0849891350796839 -0.116237983371948 -0.024063670166717
-1.36711269409656 0.00995811782487204 0.348444728130788 0.222617924040663 -0.0661708176771354 -0.0601630124007898 0.0217306636666398
-1.26361496202949 0.0466896393208856 0.333875000263008 0.229787000560062 -0.102216643812075 -0.0460339446533291 0.00810371432402635
-1.28888649388094 0.00393939493718527 0.35078869102979 0.247245487844925 -0.0750770969156586 -0.0650132877368148 -0.000647203341263319
-1.04945962554944 0.00452502693950859 0.38518229651666 0.285093814687261 -0.0769411996259863 -0.0955795746796154 -0.0384147939098881
-1.2024118938303 0.0449865786952187 0.351888847743582 0.230929598648137 -0.109498598138635 -0.0621673274273617 0.0266633926909783
-1.19465795190884 0.0223363044279083 0.361064129978049 0.246419390434443 -0.0844863393598461 -0.0703197299040183 -0.00604548568639994
-1.41994669907997 0.0646063323408433 0.284037420792873 0.21607031406465 -0.11388095401169 -0.00942963489733191 0.0281117196983561
-1.30900625693741 0.0240690268204302 0.317320426415242 0.256234247020055 -0.0858765311846537 -0.0324083724717291 -0.0187244325852491
-1.27409026499018 0.018101699213688 0.339737659551077 0.251490032961352 -0.0827697932827782 -0.0456074276750159 -0.021348466612106
-1.18031611450798 0.0302308023843585 0.336874705701894 0.269326626465252 -0.108236178697586 -0.0273753037667654 -0.0294633292837747
-1.13198044824979 0.0314437497259772 0.333933680740934 0.285426797290407 -0.108474735460905 -0.0201957254355061 -0.0430057124387274
-1.24926808153588 0.0316552105138363 0.341239789420243 0.24090639420323 -0.0824359026742065 -0.0503937568238824 -0.00211665641093314
-1.13843926149859 -0.0298889394388475 0.381833329219655 0.297277214047 -0.0553546843874054 -0.0920964518671843 -0.0588252915967937
-1.29784503248126 -0.00163433416270888 0.369725301379049 0.230193017270383 -0.0619032389190878 -0.0841980608805612 0.0161890181246526
-1.16748268846981 -0.0148523633020767 0.393812578214849 0.258081523190488 -0.0595163570689363 -0.0993076118342297 -0.0088548286885038
-1.21513878943156 0.0420869856026083 0.341183527420675 0.242798733114089 -0.107008420990106 -0.0351699746946118 -0.00698213745670371
-1.29305333604219 0.0212519500849045 0.339642605032456 0.24290687221476 -0.0896906274484322 -0.0388488508358221 -0.011567073604778
-1.2247489582771 -0.0122678537708117 0.369684868310692 0.265950810057312 -0.0475535826250176 -0.0829573862052833 -0.0246483282619252
-1.3030363261173 0.0351595530601618 0.305505749520408 0.259422471925494 -0.0922197869337937 -0.0194240388095404 -0.0171832641215066
-1.21497734952291 0.0392630485528596 0.369844398550872 0.215620002293039 -0.105619521211649 -0.0731426858556689 0.0262000815876478
-1.2520919821973 0.00961836058636659 0.385769602802105 0.219595480952319 -0.0862617394090146 -0.087026908684223 0.017564127135104
-1.10130170781714 0.0844381773534182 0.324023351696219 0.249369692663971 -0.139844089956035 -0.0303268533375239 -0.0136180211300972
-1.242626866346 0.0469935688629197 0.333606889050362 0.237180227537868 -0.117653985420272 -0.0556142484890277 0.000768644372404052
-1.22058779032182 0.0315975490329603 0.346311728191404 0.245193052186022 -0.104629880066792 -0.07324130350794 -0.0147666254451858
NA NA NA NA NA NA NA
-1.19972942736953 0.0554640472297686 0.361253197702165 0.212148898765248 -0.122454903943336 -0.0675391243422681 0.0289499988001432
-1.24878081227902 0.0347199995914094 0.360533817645105 0.219666682713536 -0.0898566492903164 -0.065125525141475 0.0218747139898633
-1.22373848691724 0.0270982092706984 0.345003160340991 0.25281722195995 -0.109023348628794 -0.068709381361503 0.00401003083430745
-1.21834593647682 0.0325754018095609 0.365874148881906 0.226974298562564 -0.106485011536954 -0.0784624198860011 0.00974385224555735
-1.2340275513855 0.0294614849602758 0.343431949560816 0.246764243994688 -0.115929714870015 -0.0366674634422733 0.0042202854067625
-1.19322678568734 0.0225358012753061 0.366283598359525 0.244064179293606 -0.102493871100892 -0.0784289379216326 -0.0183723150812021
-1.24678699640872 0.0358805718772911 0.327045027034711 0.253850908704086 -0.09372364722035 -0.0346408900260164 -0.0193999166555931
-1.03252693367939 0.0373102752079699 0.35737655220946 0.284906321989509 -0.11504994065914 -0.07276044753489 -0.038568283115323
-1.10679298052724 -0.0236526561567475 0.39942093600116 0.282177276024344 -0.0508755150833243 -0.115447289338355 -0.0407867153798306
-1.29746860080847 0.0265062374522852 0.351668717106715 0.222317295042573 -0.0754131075999421 -0.0539255639171789 0.0153158880292961
-1.28608156825009 0.0525920895096902 0.281063865995778 0.271616721165942 -0.110313495338803 0.0180166458978245 -0.0472805375145563
-1.34729027900346 0.0198110889529473 0.340468658174651 0.22409211740521 -0.084762903410462 -0.0480384418660405 0.0368633297578699
-1.27483223057678 0.00537960212290655 0.349330105764699 0.256152573565091 -0.0881475557812146 -0.0595220782922334 -0.0139985486685857
-1.24777689045522 0.0204631441168654 0.334080279098969 0.260314994322959 -0.0939308626420271 -0.0616965075143154 -0.0171861001853908
-1.07021815690529 0.0135174471478933 0.380909443994426 0.274010875913009 -0.0945431234359761 -0.082838008888165 -0.038005420531393
-1.21361368593113 0.0329060642874857 0.361630860007517 0.232019651992368 -0.102918533854404 -0.0751230167186002 0.00092072412907862
-1.34299468987614 0.0436787052023563 0.34658529889736 0.198483432754908 -0.0862481743252104 -0.0527997263728062 0.0588057704656441
-1.09902843676306 0.0174868135941871 0.375996031315281 0.26665175262153 -0.0991366229461671 -0.0863052236996783 -0.0315180898379397
-1.27016501802357 -0.00439771654023456 0.337037649656405 0.275081161758436 -0.0548901376350272 -0.0352446108094267 -0.0347523505588453
-1.28251127610509 0.0654065581278587 0.33115115962023 0.209293557452584 -0.127530181039877 -0.0547653929176118 0.0249875682123825
-1.29933152411959 0.0181153979898902 0.313154228918198 0.269247654451527 -0.0820750071106689 -0.0294547451288736 -0.032683983997457
-1.17064338706616 0.00933126427579055 0.371795905452924 0.256888646148948 -0.0903809487065006 -0.0909341638203392 -0.00643975770049151
-1.2017728148787 0.00694816944471639 0.399528213588955 0.224840808462332 -0.0891167756989601 -0.122079647909282 0.0131828206719996
NA NA NA NA NA NA NA
-1.35937925130604 0.0139939946834279 0.326694525663157 0.240498406193462 -0.0666798083284817 -0.0248627199356117 0.00335939913922655
-1.21094607787583 0.0697480053369172 0.322595076809968 0.23233854499847 -0.138749693737908 -0.0382002762959646 -0.00581150490377087
-1.3168524094841 0.0221088172166461 0.361792752723234 0.20858845087349 -0.0893647001871676 -0.0652272632387407 0.0377547912133635
-1.3229532421636 0.0261236462005454 0.32749765199099 0.240379078708236 -0.0855563952595334 -0.0375595414028843 0.00500177940679149
-1.19800643155126 0.0120234875800911 0.328427070304238 0.289746157000018 -0.0740232087094663 -0.0413721849554019 -0.0360070012025036
-1.24700488372716 0.0163185308687709 0.340831257613399 0.259717484630037 -0.106323709091832 -0.0583922749112101 -0.0073717593016243
-1.16193159034737 0.0652961071850233 0.323286207815159 0.252250161619976 -0.130533632567659 -0.0149351235473906 -0.00509361083732063
-1.11754834518533 0.00213846149070188 0.34954641062428 0.302633709999261 -0.0788942321438293 -0.0535087763941795 -0.0609515968115815
-1.22863392324687 0.0419992849026515 0.328026031591003 0.251041124115371 -0.100554723562792 -0.0255375216279242 -0.000934857491306877
-1.16773348232933 0.0115995691082361 0.363545309700094 0.2662228894131 -0.0864606684584976 -0.0756204387313526 -0.0341364724389037
-1.19241654356942 0.035415511712819 0.361427844132614 0.236030466625873 -0.0998322859621822 -0.0779986704248133 -0.00211700836242902
-1.29245726348344 0.0256842990149736 0.357889584773343 0.218529290497104 -0.0966417124107117 -0.0694188083656743 0.026791909892642
-1.17496135951825 0.0301441706664561 0.382127004794076 0.226180115194614 -0.100651424403603 -0.088483657329047 0.00148046750336284
-1.26107890835153 0.0196368648505282 0.353313307757136 0.23950499432378 -0.0890468288363487 -0.075313727198794 -0.0110747449408848
-1.18322994818659 0.000975680698717662 0.358850665614836 0.273168600633388 -0.0596335867974902 -0.0782853342017697 -0.0269836022958244
-1.29292488474551 0.0167615137504384 0.341097921822841 0.242571051978891 -0.0833075211429306 -0.0447356245659815 0.00261611384455768
-1.35778827922971 0.0580819873696261 0.324296549903736 0.200936235821592 -0.109637089658222 -0.0394682827459232 0.0461042093516944
-1.28787528940057 -0.0176175666986514 0.356279937441699 0.265747047110099 -0.0614169624369649 -0.0582777689374061 -0.0425511027718868
-1.14594030768638 0.0155500292102734 0.372021711645909 0.259593843881445 -0.0996909190633293 -0.0858591461176789 -0.0147252333721319
-1.1010057672601 0.0375383391151271 0.312122290668739 0.308462388620064 -0.111261906577598 -0.0145503925964903 -0.0689559171719389
-1.01103420732055 0.00262207578503008 0.405773751587172 0.278786091166544 -0.0980702539214258 -0.130296920662876 -0.0398641732462761
-1.21140269667898 0.000919725577342131 0.327550445529398 0.298136095152542 -0.0783949073622788 -0.0331443304537916 -0.0706998630894765
-1.24444356092065 0.0218685148394169 0.357971916711094 0.234486592080998 -0.0831065421511802 -0.0647395872331798 0.0103359126508113
-1.17404784114321 0.0412114134043619 0.356252990601555 0.240164904206903 -0.11969164940898 -0.0601657562631343 -0.00422875056375688
-1.05819723660346 0.045040123486154 0.363129460098132 0.264562979206615 -0.111879831946062 -0.0810225022742927 -0.0229800280088508
-1.02354576680536 -0.00450688655658794 0.366992028054186 0.320830957753067 -0.0872832425355765 -0.0791271898703004 -0.0770890926615444
-1.25048667421353 0.0271782160187285 0.325385039589713 0.263383361889322 -0.0788173229743947 -0.0401209615001474 -0.0302634270593284
-1.26483945313966 0.0471172618918532 0.355724369181571 0.208067623554708 -0.101441486781776 -0.0724884717977905 0.0400317489566934
-1.37107038738115 0.0216403665379314 0.326086488515358 0.232037071894343 -0.0876051509416463 -0.0345130711068653 0.00873174301343499
-0.924718241097864 -0.0408508236120172 0.390610002443463 0.36503921840757 -0.064123818195769 -0.120847463096 -0.127928174552499
-1.16064416146963 -0.00286860800575881 0.373774052428429 0.27074722644539 -0.0559630479369893 -0.0853337367787825 -0.039963966906025
-1.19636621258551 0.0171263235233098 0.373834487765113 0.241729168296316 -0.105786405356257 -0.0747170021809678 0.00189314292530623
-1.34673555437066 0.00772607698358614 0.337023382825953 0.242270971937497 -0.0787135687472966 -0.0383185344613121 -0.012817928142753
-1.25428452031132 0.0297841807461887 0.359044083813767 0.225077262613906 -0.0967511025350712 -0.0779525890249937 0.0358790273170812
-1.17180046200308 0.0132303198212911 0.341281456606279 0.283250715479632 -0.0922907739553638 -0.0477329296603061 -0.021124893047242
-1.19400537752076 0.0464180778131645 0.322201592515014 0.264405224476042 -0.114558310471161 -0.0251927413697044 -0.0218464121618032
-1.20162883245677 -0.00086567604665349 0.339454405854641 0.290927977238322 -0.0666412851747824 -0.0478843005923436 -0.0442069346603599
-1.22368547037069 0.0224365717830013 0.34663780526274 0.253912569551576 -0.0911619014684439 -0.0670130885261359 -0.00883026852463883
-1.19548945813419 0.0329110733175586 0.314307118800956 0.283914028999092 -0.120840345975306 -0.0302315188828256 -0.0432083552410505
-1.26734961697432 0.021362915770843 0.335579531540552 0.253933096725815 -0.0800757366017953 -0.0585257116223352 -0.0199274886498821
-1.23270548515863 0.0534182012644038 0.350043650404676 0.217370769109815 -0.11290345980343 -0.0607180914037868 0.0106364356332247
-1.23591325955596 0.0197449942060221 0.359325756621368 0.239136451763508 -0.0871446169507496 -0.0578738795702747 0.00287062429723717
-1.0688394821669 0.0213624366574797 0.375291245989159 0.273030675744072 -0.104243305518657 -0.10099943502364 -0.0307334748208792
-1.24685261114746 0.0292854833255057 0.352110995771076 0.235477380827031 -0.124963748100308 -0.0590647301009589 0.0116055609920879
-1.21615006506218 0.0111093215691588 0.333740741934813 0.280184955171632 -0.0904773350136591 -0.0363422343268263 -0.0381358773755871
-1.22439615946363 0.016776720627684 0.343523163133648 0.261331110621707 -0.0933102119801723 -0.0520848461366721 -0.0194341944932278
-1.26015692760125 -0.0112090753971645 0.336666812325402 0.286212506287204 -0.0665829844397803 -0.0449565402539516 -0.0433206364229399
NA NA NA NA NA NA NA
-1.4041284743524 0.0479030866096272 0.327331830524124 0.192100699885915 -0.0857733353287479 -0.0158288016067078 0.0550526166593128
-1.12853334364931 0.0556340262625711 0.366035789041413 0.229959256614266 -0.133931614744337 -0.0804010584341407 0.024365112940394
-1.29882736412814 0.0232612586514619 0.354945183713491 0.222086115164614 -0.0956199059116325 -0.0758580196617415 0.00991672439908254
-1.17211935639003 0.0240519518992592 0.333507679292223 0.27890379943038 -0.0892289492724475 -0.0256618935185757 -0.0296342438097052
-1.20045576042296 0.0179747433804595 0.357199927519445 0.257417033752455 -0.0954904438542139 -0.0631839553574791 -0.0090737689547359
-1.25088725042584 0.0398918920285565 0.329296557167235 0.245514774227177 -0.115797089256324 -0.0254391314267314 0.0116087444388013
-1.24911303348703 0.0424500859511497 0.376786155966727 0.195207479753643 -0.102557739975475 -0.0843639794651465 0.0290176136926169
-1.24619713643282 0.072134802300862 0.33144197728151 0.212268123359029 -0.132007392029566 -0.0499674930730048 0.0346538142017579
-1.1979494522763 0.0170128152997833 0.370989554639264 0.241328554541043 -0.0838479490841565 -0.0796789260758298 0.00553257090456827
-1.16697873137225 -0.00291464570127099 0.352864036686183 0.291371451389525 -0.0757825586197656 -0.0647107698397107 -0.0606876366636299
-1.11430670177506 0.0314853645395184 0.370901778945571 0.25254593966164 -0.104318431054079 -0.0836456311282303 0.00375088748878122
-1.12801931190932 0.00568560186720297 0.388171660777633 0.254939876414643 -0.0673496303897441 -0.105033346988163 0.00609709589547506
-1.32464070997824 -0.00565226963062167 0.338380919581945 0.260503848321719 -0.0770253761843574 -0.053124706564608 -0.0246281430449016
-1.12028683593395 0.0116008468186941 0.368993177697995 0.274884928853964 -0.0934639364262957 -0.080649453014456 -0.0343988742190779
-1.35573736217426 -0.00117897120468606 0.322776476400594 0.260602490960396 -0.0671090838853181 -0.0260354196707512 -0.0177397790628842
-1.22135861388746 0.0233993001943978 0.343575755992132 0.255494512531516 -0.0936485902814829 -0.0443506297418982 -0.00916678107991589
-1.10829699197454 0.0515850371160158 0.383750012311982 0.221920487368008 -0.123965258312573 -0.0952944793788908 0.0226188031821263
-1.13200816938394 -0.0044298174611286 0.355292053418319 0.299886194140128 -0.0786664787254 -0.0772704122223025 -0.0594667093503391
-1.12255468010239 0.0645628665888259 0.351027774910339 0.238205701752805 -0.131263013592417 -0.0701365711006073 0.00833347655090036
-1.26326063283668 -0.00751578778304211 0.361954575022294 0.257722364998783 -0.0724942404751176 -0.0734807039684533 -0.011022898870599
-1.28014918273396 0.0662654268964123 0.347406734282692 0.192415798440538 -0.1223990373502 -0.0611319537749743 0.0600073353329245
-1.20789683189771 0.0143105951011352 0.33357539779351 0.280120466873881 -0.0959211441618647 -0.0364645334140282 -0.0313055885969547
-1.20002787475932 0.0142610339856249 0.376166266116294 0.240301361785977 -0.0892561863477239 -0.0790836093424433 0.00288927353592008
-1.21688346566562 0.0829925126380856 0.319971836287556 0.220752206269556 -0.141795381393269 -0.0314883162293836 0.017356905649565
-1.22255399560838 0.0375995812934136 0.333430649282281 0.25317333892647 -0.107335191595759 -0.0453163737676385 -0.0210307706772677
-1.26206805603969 0.0222027038660584 0.31669084446532 0.274077406001135 -0.0825300944368921 -0.0372092116889276 -0.0305532218422345
-1.17111468511576 0.0203755335872327 0.332153461718586 0.28538507351066 -0.0975465833749828 -0.0506048248112896 -0.03469770500905
-1.16881109513888 0.0249700828603351 0.325724607898425 0.287941449112032 -0.0969022887813235 -0.0279599363582016 -0.0322961787433941
-1.27106741265966 0.00103182547672739 0.324932331896942 0.281503700030013 -0.0621337091414935 -0.0308322463635776 -0.0383377564120483
-1.19683958508056 0.0304675589373434 0.351323703487286 0.251156018623448 -0.110348633195223 -0.0730754561672822 -0.0119152435544091
-1.21838366358988 0.0165132821809153 0.366370997617196 0.244607402287505 -0.104246762679242 -0.0855749906520836 -0.00735925396230901
-1.30437406161605 0.0407593651861052 0.338030508819594 0.218302787675354 -0.0927250263861873 -0.0455205770301221 0.0257005005838317
-1.25421996786974 0.0467659354625607 0.34333899022518 0.224059801818209 -0.113181976814133 -0.0564788901074319 0.0109109283994869
-1.15384279115835 0.0443813169379482 0.367555989094519 0.230749538779776 -0.105374361443089 -0.0693179198603814 0.019103828304444
-1.28841717892443 -0.0101737881905525 0.348740106949651 0.26511917534515 -0.0672267114672334 -0.0693862351878211 -0.0277192310794962
-1.16406689216664 0.0256808811682316 0.323560606837858 0.290634653993691 -0.092707443383906 -0.044516021976124 -0.0594495338565014
-1.2101673583051 0.0350914156818545 0.342592661078396 0.251381731640833 -0.118318376031014 -0.0532215150741659 -0.00126134833167721
-1.15238091598583 -0.00597841257260982 0.3417983431225 0.308882118859218 -0.0834950663014114 -0.044568427308527 -0.0754191360139216
-1.25238159323591 0.0451838305592624 0.301931839771629 0.266851930045164 -0.128854667372407 -0.00767426731606115 -0.00481309743690254
-1.19256297240006 0.0101062055225262 0.358218251469411 0.262585709151836 -0.0805612185021238 -0.059057933474807 -0.0234963706996546
-1.2211615907255 0.0193779655587045 0.349817873504962 0.25468279322358 -0.108338493544363 -0.0494542906910907 -0.0184904142583529
-1.20822293891357 0.0203358495268117 0.354074348344831 0.252021032933944 -0.0811512689628009 -0.0569951370537766 0.00240026802196601
-1.27407759124591 0.0822249659317095 0.291706200789863 0.23383011382925 -0.129546443269681 0.00491440071418439 0.000760217871323892
-1.16219998910088 0.00473168401662883 0.357040571846095 0.280047150862757 -0.0838894907265191 -0.0564738671671728 -0.0363961384668764
-1.32402829975529 0.0641894443820585 0.322103128423597 0.207488776780823 -0.126494575547115 -0.0214291220767687 0.0385144172643796
-1.15914485486312 -0.0021927324196581 0.354592416108459 0.289547439309192 -0.0756611217051685 -0.0626267687644202 -0.0423728504136856
-1.24985774288442 0.0378837202729307 0.310210464545038 0.267328397882431 -0.10828778045314 -0.0170381400137927 -0.0225896315186927
-1.27886947902888 0.0355666240650219 0.286094202630012 0.286388101036687 -0.0957992362241073 0.0020111257212778 -0.0382333267657439
-1.21904931010323 0.0323538719172205 0.32765420591939 0.263933507064558 -0.0921053971398686 -0.0464065623483051 -0.025531681788473
-1.3018879778183 0.0265772118617842 0.323111766859709 0.250059289694818 -0.0851574404700329 -0.0459600060614444 -0.00382244537519159
-1.31527843508127 0.0195120196802794 0.37109760148004 0.204513089397076 -0.0764341337794261 -0.0848157993956091 0.0338833012203178
-1.17655001888914 0.00748415660254987 0.359999291234454 0.26759307443971 -0.0909105312227762 -0.0654402458965556 -0.0246015149829233
-1.27906237953827 0.028473916914406 0.326450199600728 0.251452709392986 -0.0891626982432506 -0.0421959650472257 -0.0297945631142342
-1.26386857994826 0.0410054204477067 0.363191652161989 0.206623316905925 -0.0989946564027255 -0.0708070388803093 0.033429695213669
-1.40189233994697 0.000310521346221446 0.319657741416498 0.250107835964452 -0.0725128242948098 -0.0407834264455287 -0.0121406195768257
-1.24002178729381 0.0136937582066297 0.335712142874765 0.269707808480043 -0.0801853987419689 -0.0658842763738186 -0.0475890235319495
-1.16886758475511 0.0291987960746821 0.373502781792742 0.235534898188045 -0.0967606148409918 -0.0930572728206046 -0.00137232377847502
-1.25059548099723 -0.0090155474730031 0.381431749552458 0.241254333358559 -0.0545120061850777 -0.0808556679627527 0.000197444045780512
-1.27784168540524 0.0316226832549878 0.339785772053667 0.23524435415894 -0.0835076302721701 -0.046643539413455 -0.00292739494554997
-1.27127952024925 -0.0233509209040804 0.34052239312414 0.291415242839779 -0.0499126287042789 -0.0537742305425974 -0.0548912679418177
-1.15729825610865 0.0249670970718881 0.359449972971131 0.256558962460398 -0.0906936521752349 -0.0612532780233858 -0.00947687957782979
-1.22635942249272 0.0467102834648968 0.323790925448618 0.251555436407081 -0.114134505771364 -0.0353259412354785 -0.0148253704994801
-1.18170798825985 0.00937420656786211 0.344876909625007 0.281045001938722 -0.0779561353116628 -0.0650911233073472 -0.0422456344409567
-1.36051653610134 0.0179581168811504 0.266236262117861 0.297578523190921 -0.0950811223638596 0.0212672652348409 -0.0530036500966723
-1.07456913889397 0.0429802475911986 0.333771884813879 0.291073674230892 -0.122213157905218 -0.0468811729315145 -0.0567968950883062
-1.13107324790294 0.0282859606804263 0.333400422982319 0.288830031452743 -0.0978012546091881 -0.0411276905900858 -0.041842075778255
-1.09028015723142 0.0273707601961638 0.36440142909161 0.271015471735931 -0.102134729330601 -0.0846994399601643 -0.0256384129921125
-1.26232892616607 0.0213585843681047 0.331079888445099 0.259563552733664 -0.0837319762108252 -0.0541831603847048 -0.0196138815040572
-1.15097384949514 -0.00332467370219772 0.347914402432553 0.300385525073063 -0.0700672669549127 -0.0743985642525738 -0.050254674323693
-1.35092434986361 0.0281061667035027 0.312568744631259 0.243134784045422 -0.0903250407136528 -0.0180002538457873 -0.0161196920112715
-1.18112819419817 0.00571610521746753 0.371352149404347 0.258852888171458 -0.0810810146684837 -0.0809936533526963 -0.0103750811899715
-1.2839894639142 0.0128433214432853 0.378888421471725 0.21333356613143 -0.0826917721234102 -0.097704904315284 0.025404164766209
-1.24189695820528 0.0131519049778794 0.352405077736452 0.251606914325553 -0.07453281515805 -0.0641252857410622 -0.0203431262577935
-1.1743712624259 0.0645078573098656 0.315610239515454 0.257771151481114 -0.134232989143678 -0.0269693162662544 -0.0137098724355724
-1.2197626158603 0.010156664947042 0.355637937420081 0.257353600463951 -0.0896872042009131 -0.0755255557750995 -0.0159998285859285
-1.33478702038633 0.0144527182823453 0.331725179528359 0.244003417345314 -0.0768858736808441 -0.0485187635718473 -0.0130293673428066
-1.19718086094351 0.0402044413441367 0.370351008388714 0.220212778415064 -0.103749526114292 -0.0758342567844184 0.0371656277554976
-1.14686678061912 0.0198524498409328 0.371436393642948 0.256273945182586 -0.0970169947365505 -0.088519616736942 -0.012216041607015
-1.18866517874306 0.0500483986376869 0.343557510293815 0.238519295958101 -0.11379559406284 -0.0409042068478536 -0.00752329910538717
-1.36623744114191 0.00655126282856876 0.320193403011529 0.251066144304727 -0.0638488485629037 -0.0389582845087972 -0.011231924582858
-1.18602958416717 -0.034557743669613 0.416657012487496 0.252006895805484 -0.0505563892427792 -0.131352732583439 0.00230241667284494
-1.22001372450017 0.0199041525887638 0.375623292755983 0.228272845487963 -0.0799740313578014 -0.0806883564727439 0.0109806586773275
-1.24210118302938 0.00622512083855179 0.36923865022331 0.240408531272681 -0.0645517300081788 -0.0759108341221943 -0.0164094478880317
-1.27176329770857 -0.00123450568511253 0.358665107197838 0.252440295552793 -0.064864458003446 -0.0820832193096677 0.00152075256705262
-1.33040032885445 0.0186542301414679 0.349241232695043 0.224844747975513 -0.0565130902697404 -0.0807646313797794 0.0104273720208985
-1.25017002823742 0.0410088675111498 0.370015919256422 0.204307152467037 -0.0993509605335272 -0.0980480502392278 0.0455652028359638
-1.1888091880442 0.0143550451296143 0.361398562095135 0.256114636877199 -0.0689282506041642 -0.0792001238708863 -0.00885724856541536
-1.01052447173694 0.0207033255915882 0.378955778222553 0.287427868472811 -0.117618452573236 -0.0870789020710614 -0.0384770693709992
NA NA NA NA NA NA NA
-1.31968402552274 0.0236787527848375 0.330683668696913 0.240062409442307 -0.0938546036991986 -0.0404331412722624 0.01399902495042
-1.15881210519775 0.0101495268220348 0.342893741507926 0.288912220465798 -0.0911382657885763 -0.0431823763003395 -0.0585822949269308
-1.16403834248852 0.0141662145969217 0.388244912015154 0.239351861458899 -0.0801033284481424 -0.108128360510123 0.00346922162049779
-1.25351409457157 -0.0205610358904987 0.401339864454327 0.23361965256959 -0.0760196694262746 -0.115255870640311 0.0122433361012727
-1.02989225236204 0.0281579293704406 0.357021569899564 0.296883507342987 -0.119645039266047 -0.0756043093853509 -0.0484475549163666
-1.23183967530363 -0.0173138285804317 0.365332997083998 0.272035429695613 -0.0619793516359994 -0.0683139618321283 -0.0260635264885113
-1.32070716097273 0.0409729459652045 0.335867586115576 0.216335201036738 -0.096237521637061 -0.0570311247694504 0.0199076478663783
-1.34594986675125 0.0449561064918278 0.257339708844833 0.284557558379022 -0.100029821576233 0.041367594137489 -0.0463319468397006
-1.07496955157157 0.00973682033470357 0.402898855512955 0.255484464935581 -0.0806259340547328 -0.118487764426006 -0.0285063030932931
-1.22134031189902 0.057485888540943 0.314363169477096 0.251556105686881 -0.117505900877408 -0.0269064660008442 -0.012985179813551
-1.2583346223285 0.0644787622850855 0.326389634382385 0.221309233458609 -0.117051273303907 -0.0469410277988603 0.0408464619922202
-1.27589059670607 0.0275580940509119 0.329856576065749 0.250578106542445 -0.0813469467112936 -0.0423265717918224 -0.0220647329960499
-1.2541426443037 0.0314060277966153 0.343631219133361 0.236282115463891 -0.0871438353829551 -0.0364516369822082 0.00204239483534989
-1.18904422526803 0.091217386677035 0.334614337783997 0.206145152633258 -0.141844591514374 -0.0415758639824467 0.0220151131620621
-1.21932203219877 0.0150180980533195 0.378295616616469 0.230413335398416 -0.0784157776928225 -0.0774976394346388 0.0212774542206234
-1.19635867230907 0.0267194673602221 0.32416890617798 0.281079393720736 -0.0984809366672917 -0.0465921988655647 -0.0482358086003022
-1.23788807244726 0.0385965673446462 0.326840256754666 0.251860087223298 -0.10228272553229 -0.0355203841485847 -0.0243688011232363
-1.01279723533777 0.0207200945782945 0.42327556376937 0.240644877426748 -0.109820065432594 -0.132862891988679 -0.00148508484222212
-1.25639943625617 0.00871646551487045 0.355555383480011 0.249144464048624 -0.0900428959356389 -0.0646608541338808 -0.0184450926565672
-1.24305071119124 0.00254316579120608 0.346914790495674 0.266665261503945 -0.0663886862341648 -0.0563714768354899 -0.0289593064717412
-1.09110422147281 -0.0363160369152476 0.390419369176673 0.309989739191744 -0.0659418014614447 -0.116970989719077 -0.0722780220563969
-1.26502973602412 0.0490667667854358 0.314689540436598 0.24797659566743 -0.109803577334134 -0.0205112220819974 -0.0154792985415022
-1.2532837052768 0.0271953726718176 0.347378254837526 0.237781689029916 -0.0857198436912378 -0.066721242210222 0.00833708470065168
-1.21131604053471 -0.00401463508503179 0.351348384211374 0.278532604289066 -0.0754497813084059 -0.050388590538094 -0.035433428938667
-1.21437283991804 0.0259681774087934 0.361263645624877 0.236530487634479 -0.0943858624469522 -0.0619511343556877 0.0040483322609532
-1.15278597825112 0.0456021536124529 0.330383313985943 0.269063725158343 -0.129360116062027 -0.0454122776894201 -0.0321608921270409
-1.07532077998288 -0.0102344489538832 0.383356458314874 0.293058705214008 -0.0542028812656613 -0.100445284220124 -0.0623085356612037
-1.20815411997134 0.015212720441041 0.337969002472023 0.274404805763244 -0.0783106002009293 -0.0387156056898484 -0.0266858780230355
-1.20791283028823 0.0209926056088994 0.351663516327876 0.255416806434048 -0.098045689420039 -0.0609011206610715 -0.0222493890397349
-1.32035157269713 0.0213821270124641 0.339655653907128 0.23362519151015 -0.0869815698744017 -0.0417308151865186 0.0165966891313826
-1.18848350243227 0.025763808211822 0.325891024380671 0.281162303059081 -0.106786550909725 -0.0332745023092693 -0.0158973504137347
-1.29990385131017 0.0295790603411478 0.3151482101943 0.256221188208806 -0.094363954104691 -0.0133650029731146 -0.0151582215486487
-1.06962549367153 0.0368329755295139 0.337417640309169 0.29411815608685 -0.117281104652516 -0.0534332198568442 -0.0622247025077626
-1.35003799086739 -0.0241410682333146 0.35063043658158 0.260208911448248 -0.0481823365090381 -0.0656036206396252 -0.0211128315352436
-1.1992216943936 0.0378798897878222 0.321942409435005 0.271512057381539 -0.117637983124013 -0.0259834295032871 -0.0252308488757316
-1.0190072186707 0.00522344098089117 0.369356324619549 0.30745545107246 -0.0877025674310923 -0.0679680761007624 -0.0653023949029651
-1.09733224723477 0.0451540407430905 0.328907030342739 0.286021883630676 -0.106039304848357 -0.0429334243167098 -0.041767085191269
-1.16277439731651 0.00547898930583527 0.375022970339596 0.260038862910549 -0.0998395793958724 -0.0842554835306045 -0.0146396868329174
-1.21890391749245 0.0042439054766514 0.316483777123627 0.304541586157032 -0.0766857126972907 -0.0213854123588609 -0.0577343164018266
-1.19462065857127 0.0316830208213733 0.343558398137952 0.254862887252601 -0.0903270258226999 -0.0514448481960223 -0.00615233778676737
-1.25355452598531 -0.00246052542474291 0.354056851097473 0.262558062906732 -0.0814457846762541 -0.0789076567132558 -0.0171978164341277
-1.22510699752945 0.0243113801261463 0.345965724515471 0.253109476869122 -0.0922482240791968 -0.0710566859222342 -0.005532134719375
-1.33017216533168 0.052976998257772 0.349956074405091 0.186319341759306 -0.118692522856583 -0.0544109887957092 0.0674661071059076
-1.22093099983732 0.0217700119360157 0.353418557387635 0.247357111347357 -0.0788948818950094 -0.04997435832433 -0.0111271907574912
NA NA NA NA NA NA NA
-1.14796115410844 0.00376240428378643 0.361153798984411 0.280717047865107 -0.0922289238178079 -0.0590810161943032 -0.0404539991039845
-1.23498273016626 0.0170223251085507 0.340403035131137 0.262747603304562 -0.0901972277955366 -0.0573273134746682 -0.0233064392243807
-1.23027000935264 0.0157408946227933 0.349852715480849 0.256219159122267 -0.0735430696188165 -0.0583809429790334 -0.022478837463168
NA NA NA NA NA NA NA
-1.23785963661758 0.0314143739812251 0.364454459228765 0.22182991751218 -0.0872229768839921 -0.0658189356542891 0.025163052126961
-1.20952124980835 0.0154441359735278 0.354892017477785 0.257215469722571 -0.0921681029854235 -0.0507405038855644 -0.0220707758402272
-1.27301085173745 0.0538475039298266 0.31444100406443 0.240701387654495 -0.118527305252176 -0.0207927733479386 -0.00432512180130623
-1.24959830819801 0.0558978494728728 0.324121451507998 0.234482080769874 -0.114985382041868 -0.042234645685352 0.0138884370805669
-1.3084645861794 -0.0192635060873677 0.357619234086526 0.257917712105568 -0.0669130145280155 -0.0702870954680127 -0.00832789727249147
-1.27703182946747 0.046142865443372 0.335448864541275 0.225030642262732 -0.104557742522772 -0.0465001847743357 0.0133930719485128
-1.13021900681567 -0.00628810566422573 0.379308984323972 0.278531144227642 -0.0827929136489253 -0.0890935799086457 -0.0515569832361399
-1.28932575000946 0.0361683146642195 0.350083003307731 0.21585487707599 -0.0914969258136901 -0.0576829687341415 0.0211267251872413
-1.20279398985369 0.0292004301185794 0.391254597856243 0.209280660648445 -0.0998284446839819 -0.095057679053234 0.0363936105573779
-1.24298037254695 0.0320191161871522 0.35964220078746 0.223615274269978 -0.093165480667191 -0.0772859797522392 0.0231954873499042
-1.23141224571918 0.0651172473962433 0.341758202723329 0.210453735735316 -0.10574653875314 -0.0526184283176678 0.0330236303679312
-1.23052648498403 0.0306927891183959 0.367947501307882 0.222819465333581 -0.0982764822746372 -0.0865528061478789 0.0125991849040734
-1.11779510689151 0.0272029683763543 0.350051384211438 0.276405776039375 -0.0925352165918907 -0.0561548282981809 -0.046696709594348
-1.35754413450417 0.0594880762638597 0.332259497794607 0.191385437290537 -0.109896804282123 -0.0470941760652598 0.0487003487684338
-1.07098134268792 0.0376498873928002 0.334325681174739 0.297451271199925 -0.112750013239438 -0.0417238287175442 -0.0593833856198961
-1.03822443740954 0.0301017504363393 0.354333990728264 0.295357456464021 -0.114768400548296 -0.0646933312639848 -0.0511563449307911
-1.2056944749307 0.0195226241113708 0.353921683912381 0.255060023018506 -0.101967750937857 -0.0656754104841715 -0.00609185344437896
-1.38145330562104 -0.00118101132249361 0.338222873782801 0.239402747789856 -0.0556590369787474 -0.0456956323938348 -0.00539885316590137
-1.25416286918633 0.0952356725867003 0.272100985770865 0.247074790405453 -0.1331419886351 0.0107442981707502 -0.0121464479528537
-1.25247445313636 0.0649869137795826 0.329211185804832 0.220891844733985 -0.134351924444487 -0.0477936466631095 0.0293231486904664
-1.26605988103345 0.029403806938806 0.324470820025981 0.25564711241378 -0.0906061833775972 -0.0350137012274911 0.00588632195453642
-1.25157276443711 0.0209828649037551 0.344176722527579 0.248636169957792 -0.0693461455370883 -0.0513978384262524 0.00343791785403272
-1.25535151621569 0.0102278496656629 0.362604741159474 0.238800202225365 -0.0727186857244389 -0.0712291442619299 -0.00856338130965756
-1.15594684361679 0.0270610969049298 0.354958686128925 0.26085680465763 -0.0964778417326613 -0.075421107648533 -0.00559063222085491
-1.2727731862255 0.00702238420962506 0.304349923975245 0.297970246762197 -0.0791989394722913 -0.00939720438358366 -0.060591079433267
-1.14809480414077 0.0248484932601469 0.374585298723546 0.243703866868769 -0.0896202346213307 -0.0783304152033322 0.01261295957618
-1.20458037344241 0.0149904393862235 0.360911463532677 0.252636625939965 -0.0860562230936768 -0.0575654245429102 -0.0244858458250274
-1.20146035906869 -0.0148081772150126 0.346642671403178 0.297253686570172 -0.0656565672414734 -0.048240906900941 -0.0522403647858199
-1.11602053404436 -0.0347746508911941 0.407976856575685 0.283141381360832 -0.0546029694155466 -0.118830710552072 -0.0285108711865389
-1.08902883819696 -0.0251236684293298 0.381804197403924 0.306982062075949 -0.0654534269087119 -0.0940037997701553 -0.0507520207004359
-1.23118858592229 0.036131884087142 0.3304778057272 0.255393107569477 -0.114801588287187 -0.0357936061585747 -0.0115304174138765
-1.15344863878486 0.0371710479493417 0.377696322205052 0.229001243036756 -0.0992965459313459 -0.101565474250881 0.026846021559356
-1.23574401819695 0.0319159406210979 0.34713331283569 0.241625782837222 -0.0944763952223285 -0.0688925689570743 -0.00305370456485196
-1.23386206797164 0.0619543991248132 0.346474599333645 0.210641996592048 -0.116056553827327 -0.04939982448476 0.0340307903282324
-1.1972099433799 -0.00153579521384847 0.391283463773109 0.241804264961526 -0.0797233880803835 -0.0966085766391522 -0.0126352222050063
-1.16994193670864 0.03258972539686 0.333847176852082 0.274006530325464 -0.103009866310199 -0.0561444771322092 -0.0351825581812084
-1.15165687202401 0.044645753369456 0.322588866876929 0.277608395784868 -0.120365478582834 -0.0312899694048666 -0.0453137183868886
-1.23097447492292 0.0608044059131075 0.312937601482705 0.245604464384228 -0.114726709525218 -0.0124082250976937 -0.00920532727901846
-1.20709981924571 0.0309287279082463 0.331809036952374 0.264826724965112 -0.0798877511782446 -0.0322688062542129 -0.015923448865279
-1.22580875470088 0.0265305575704018 0.390868479731195 0.204163128968207 -0.0898663450725742 -0.106346084867155 0.0383116721483453
-1.42005577112755 0.0384646667007006 0.296900083110189 0.229102753023762 -0.0772090588507191 -0.0057059358595648 0.00585529933677484
-1.18853109765126 0.0189766277001743 0.330964001345394 0.282447232759134 -0.0857185436589679 -0.0386515691357064 -0.0384807964590297
-1.29171848430504 0.0352389064480101 0.320080314009844 0.246914401477332 -0.100467833537443 -0.0312336813085758 -0.0106666107841563
-1.13300146163246 0.0263112023617737 0.361650438790819 0.26316415025943 -0.0971716724099431 -0.0736530690269174 -0.0168389703554685
-1.20056835196603 -0.00695004757994807 0.371309174345619 0.266171029655978 -0.0884919780544417 -0.0858320437238007 -0.0240042602058371
-1.18383379128841 0.0225269529034339 0.372572913185747 0.240651212504789 -0.0907370008542538 -0.0719150905324143 -0.00917570044154654
-1.29465769484967 0.0333082625417982 0.343796124073244 0.224166065205158 -0.0852427588315204 -0.0425740954459885 0.0277191005748625
-1.19615913154543 0.0481430485082664 0.326593991242381 0.258024167513947 -0.11097256863029 -0.0271510515819108 -0.0197315705453387
-1.12236995301241 0.00981519254707309 0.360728117449876 0.283998568132953 -0.0997139171694536 -0.0708569822486747 -0.0311759752470838
-1.21420660631993 0.0736541712560501 0.329745451468802 0.22200530306512 -0.135592709718488 -0.040135595537804 0.0182313503655467
-1.3332447615679 -0.013592890851129 0.335615250445564 0.267897060394584 -0.0435250124589076 -0.0436215637322077 -0.0252344911316613
-1.16534882103011 -0.0106933190023682 0.362870213165036 0.288285717912145 -0.0788740571500444 -0.0755388094137041 -0.0368215273186795
-1.19158666104331 0.0185950801535018 0.365672722231031 0.249413112988302 -0.0937060146472311 -0.0921338166171486 -0.00778510440356834
-1.22778558356926 0.0220322875647051 0.337836107035224 0.260305532468085 -0.0983247994037215 -0.0441303831875963 -0.0232711925769065
-1.21095197320992 0.0331725899479357 0.364989458144572 0.227963098643744 -0.120575977147193 -0.0769463056104155 0.00104487104762297
-1.19602714018344 0.0583007314215628 0.351411140049906 0.22147170029776 -0.110965909826489 -0.0584360733546431 0.0294781381495154
-1.29480574920189 0.00435505184110775 0.326368540474921 0.270614894037218 -0.0797019630130479 -0.0271789906812179 -0.0345031892717232
-1.25010706841905 0.029371109295297 0.338787679167325 0.246958444445654 -0.0964961663406608 -0.0539040027522214 -0.0055864883623494
-1.27735406890952 0.0112140499828211 0.326252612637785 0.268241388919825 -0.074161337794604 -0.0239167850714719 -0.0216511763191754
-1.09373422081316 0.0233356627746491 0.373234456708638 0.26528719332666 -0.095570585894892 -0.0791321143539608 -0.0215809279186672
-1.32435255315104 -0.0225435876482991 0.359995740359171 0.252863500921353 -0.0404011237330822 -0.0622108759299216 -0.0110979736486211
-1.16331000957285 0.0307013719028679 0.377820250538708 0.23139750079179 -0.109851463428006 -0.0854373387819705 0.0225590821576247
-1.24067335977976 0.0167327410020225 0.343452629946267 0.257830205764348 -0.111611909124478 -0.054731137327044 -0.0131381063294453
-1.21175704071443 0.00842100142307249 0.3582947488085 0.261621367726614 -0.0925248113178922 -0.0864800259127975 0.000290411205965206
-1.10597335858576 -0.0146836247321866 0.38044545470694 0.292688644556946 -0.0782093897784179 -0.0936120844862162 -0.0593370308995207
-1.21872539517029 0.0351661360216002 0.304902311906284 0.281337146187324 -0.083152485583504 -0.0144617058631812 -0.0356467269081299
-1.22468842693464 0.0201755367155069 0.325711409121358 0.277776273312554 -0.0944932904352018 -0.0405363736290808 -0.0269345080885235
-1.23739034168498 0.0159743448491269 0.380538285191736 0.223186130839438 -0.0725313462146965 -0.0898727048409822 0.00440886537643456
-1.24687921364149 -0.000883180396228455 0.341016856886119 0.274994954613617 -0.0760070801088747 -0.049014039962625 -0.0328283098190415
-1.27911261687846 0.0286085878437356 0.33308431622931 0.243827110858735 -0.0935950134940375 -0.0377021297475627 0.00370378954581591
-1.17732789532228 0.0560526172123013 0.364282101819076 0.218311208633854 -0.132681072933773 -0.0808506562080733 0.0325257532755719
-1.2441973697938 0.0161870904597969 0.336687359735445 0.264679328278953 -0.0824189480028505 -0.0494956405080932 -0.0268997533471817
-1.18925799061138 0.0223688022570529 0.378670149629579 0.232490913155053 -0.0832156085039176 -0.0996471423876659 0.0128726723931022
-1.35534007695193 0.0485655901432707 0.312897130483959 0.220343577529022 -0.0963546086119842 -0.0136485273007769 0.0210808402414243
-1.10996280778085 -0.0178598935335473 0.366574191459838 0.309955577738438 -0.0798432881440533 -0.0750886348202593 -0.0757191762373089
-1.12218024536636 0.0543678118569646 0.334017329168647 0.264747991379689 -0.126586918833675 -0.0492015289609928 -0.0199981226288264
-1.18616045824348 -0.000399420199271252 0.342910364061581 0.291446098661873 -0.0765483111214517 -0.054804963719297 -0.0496270230521833
-1.26109595639805 0.0307871828193491 0.329397052921275 0.25290518912388 -0.0881879492391972 -0.043476033798056 -0.0260790266347439
-1.32291194860818 0.0528196817765697 0.333100193708411 0.207839889054241 -0.114118172176919 -0.0508948923307824 0.0382674309949712
-1.15316551479289 0.0555887697497965 0.36555668035492 0.223426334886087 -0.113396005574272 -0.0779895288893578 0.00929244645161614
-1.23580772025247 0.0136786991980836 0.326539335640322 0.279635250054851 -0.0865867941108933 -0.0344379998316577 -0.0406443518264322
-1.14887117035488 0.0636830102846712 0.337703119543798 0.24446777361901 -0.130743754864609 -0.0680055287293261 0.00451971092852153
-1.23932419279823 0.0535090676875023 0.34599131220303 0.219260512002696 -0.108959287052453 -0.0486760772192047 0.0252276292047368
-1.27338987355499 0.0190008707221005 0.34441961914482 0.24337242891458 -0.0908303893502548 -0.0598851606572921 0.0102369261974452
-1.30943320625767 0.00245458199276542 0.348613127571667 0.247806961094157 -0.07059145319289 -0.057858745781875 -0.00289702358705541
-1.37448620806712 0.033437788400705 0.345274336232117 0.19909477284698 -0.0881697768721892 -0.0587882761784515 0.0508877898596146
-1.17880410299824 -0.00836892675500564 0.359938856848081 0.284745391366943 -0.0657320527129431 -0.06848562260328 -0.0494534275215067
-1.17901335078794 0.00336718575881184 0.397569085650026 0.237095432754048 -0.0893228208412568 -0.116376158540751 0.00843827980956413
-1.12950134163862 -0.0285165539448725 0.393086943918799 0.286405338535982 -0.0643406574670536 -0.0977134062619694 -0.0497968771996737
NA NA NA NA NA NA NA
-1.14844979867844 0.0114268517942009 0.366149587779154 0.26735082198127 -0.0870338635982875 -0.0753692700164772 -0.0399401192407123
-1.23317000070044 0.00234867887440907 0.34176600043008 0.274206655113738 -0.0954478544995809 -0.0519749324317061 -0.0285364299874955
-1.227428938874 0.00433326169340276 0.375605173938035 0.242354211681717 -0.0871108469632705 -0.0846814959204009 -0.00667265158886816
-1.34047745826388 0.0412455871563961 0.272562212865147 0.275445710302796 -0.0977717315460428 0.00915009688773719 -0.0217701971145972
-1.14665790689774 0.0263651237384751 0.351982071000456 0.268432965290168 -0.102290373903908 -0.0711430678140876 -0.0301475801941249
-1.20205709030208 0.00289140632328184 0.338767824288784 0.288804089516788 -0.0904621365552456 -0.0413246139039453 -0.0460418059715898
-1.19118439889871 0.0265670511968708 0.365366414819236 0.242793910248262 -0.0818965240164264 -0.0711510940669458 -0.00605005384725737
-1.33959938168809 0.0296088414514676 0.312903739164054 0.246246184021092 -0.0803733449594767 -0.0289336883997346 -0.0138849497779679
NA NA NA NA NA NA NA
-1.17101707776465 0.0274323241061468 0.349805567363743 0.260392575684509 -0.0957920389785523 -0.045884110033851 -0.0231930336944624
-1.25701907954054 0.0427925432650738 0.343224273464153 0.225010614572897 -0.0936080837151023 -0.0437497048485862 0.0181959392356113
-1.26068655050047 0.00391386178098517 0.359408701258387 0.249499236914681 -0.0840634585377812 -0.0607497812018161 -0.0256349126062294
-1.19935944294748 0.0128146713276773 0.335009499045046 0.282084912576799 -0.0932298143432089 -0.0503278745784796 -0.0374879943931069
-1.21849879573743 0.0526770431148494 0.370109750001108 0.201195664462434 -0.109642579326362 -0.0890503916107468 0.0422735726987561
-1.11294293466593 -0.00116951034688535 0.389729796529915 0.267904252202075 -0.0831796170322803 -0.0987206401428687 -0.0194359033300426
-1.19630189180541 0.0346872516183624 0.346625860507823 0.250120113488333 -0.118549811975955 -0.0646380084215811 -0.00712398346509123
-1.2724054726173 0.0440158100127824 0.311290797098785 0.253679408022823 -0.111015584440725 -0.0324904873790571 -0.0201416421044623
-1.28193771129405 0.0623944618528432 0.336377769854093 0.206052558239475 -0.112391649883173 -0.0507968160766731 0.0370784868406552
-1.17117538165482 0.0457557498942267 0.357962016615681 0.233206634403069 -0.109369868627573 -0.0653700426429811 0.017878261128961
-1.30746922543681 0.0284399869577828 0.340735116195798 0.227534611000893 -0.0956274308209107 -0.0601296394112328 0.025622769528762
-1.24276227196005 -0.00131783349121563 0.355522708047246 0.262841665261495 -0.0729168287447222 -0.0649365277852973 -0.0336018011073929
-1.30672799645383 0.0511761597465586 0.313571031476785 0.233729635338421 -0.106885391710225 -0.0154484575068981 0.00993884110462944
-1.26266437363266 0.00448372407214888 0.354975170789464 0.252608402893123 -0.0794033469874599 -0.0589613326251553 -0.0112987849070651
-1.22400798368795 -0.00694549519678556 0.366668501706636 0.263196175107954 -0.0662610782509258 -0.0834442694856054 -0.0126899810024078
-1.18996748578352 0.0586730212913975 0.302667573320564 0.271768543079099 -0.123911145464537 -0.0124026674695293 -0.022743334748752
-1.1140602508643 0.0444847524972624 0.355973120104962 0.254237720934458 -0.114477634978075 -0.0677367829599115 -0.00719593418768205
-1.23244273828518 0.0158793184199463 0.316404938514072 0.28801524555404 -0.0845135308132073 -0.0253235176786435 -0.0339418404261286
-1.23581869180126 0.024780070980813 0.346690577118539 0.248300846747094 -0.102643810734512 -0.0580638840801279 -0.00105843927712861
-1.14540177699566 0.0328817702933107 0.332741042206665 0.278990517921142 -0.0823092993385787 -0.0308858671738479 -0.0434033907358108
-1.23987475271551 0.0130472154303388 0.323887016119446 0.28210171148447 -0.0836449039015615 -0.0378970750144131 -0.0373815480592437
-1.26088986470878 -0.0101148703110094 0.328580095768946 0.293610874975528 -0.0601731674543118 -0.0254337842650924 -0.0605535548584194
-1.19499557487679 0.000816250022206145 0.365895876466317 0.266534290724495 -0.0759118086922532 -0.0856209067133627 -0.028262921121886
-1.25374402701993 0.0124080152636862 0.349841932084726 0.25203067839692 -0.0901009900627484 -0.0470417363956846 -0.015023188910676
-1.31546587848812 0.0245571903139964 0.329064329389979 0.240647408426589 -0.0892813020258304 -0.0258358361915136 -0.00140648153164791
-1.15928300249184 0.0477502009494597 0.33234197386741 0.262423495538832 -0.121995539099951 -0.04021109039169 -0.0229098277860145
-1.26428843605168 0.0388139638379937 0.322857916144986 0.249829741309311 -0.0957419677693949 -0.0351699754995572 -0.0116033290225042
-1.17171404739192 0.0189448554965287 0.364392372237703 0.256257725129644 -0.0959851429538135 -0.0695508896701233 -0.0255544041467166
NA NA NA NA NA NA NA
-1.21984530453706 0.0190941737619489 0.34628112764433 0.259112009669546 -0.0825584711572681 -0.0549839797142816 -0.0105177200845322
-1.28692593282488 0.0548097758337242 0.297171571187546 0.251846860993077 -0.103640675800706 -0.025318666866121 -0.0151518773567027
-1.02455460324922 0.0395303273217544 0.387792672180637 0.253653247763578 -0.105874540362379 -0.0856789787777906 -0.0179516385699261
-1.16537094331351 0.0373781052373156 0.330314930195939 0.274293148623011 -0.11363372250864 -0.0382384284090192 -0.0341683737494505
-1.27253763274343 0.0553606592883765 0.343402139430388 0.210541403335406 -0.109438895134902 -0.0546765945065761 0.047972579777169
-1.23224973128948 0.0234131118163468 0.32701346656797 0.272979379517299 -0.0946399888772789 -0.0507937590217795 -0.0427302331376234
-1.12867065426795 -0.0288287891561013 0.380400945246025 0.299220617114354 -0.0590864553412884 -0.102225267162828 -0.0391207873891002
-1.23698844752129 0.00374729458237134 0.340439272435891 0.274923041852287 -0.0896514601116307 -0.0652774581988762 -0.0331137528744601
-1.22660259682018 0.0739635318244253 0.323764348053021 0.223246558835111 -0.126005636357319 -0.0384186782269751 0.0243362157060029
-1.17417061356946 0.0197170325308419 0.370169818402183 0.247689440467283 -0.0877455131093893 -0.0800493572415826 0.00168638369114987
-1.34633184929047 0.013342515782293 0.348054465894335 0.225030120440392 -0.0667726304955533 -0.05152856298095 0.00254973955505969
-1.08206014550738 -0.0103960058430461 0.336589211991378 0.339822585408331 -0.0662197179640049 -0.0590265841412844 -0.100565828379414
-1.11278684650836 0.0241017451924367 0.367111081247499 0.264555823963421 -0.109459405857696 -0.0735126450226464 -0.0178111638004719
-1.1038074978168 0.020271364349943 0.358485847535485 0.280135462445046 -0.0952446134338593 -0.075068827510236 -0.0548123591131814
-1.11158099489665 -0.00349678828589114 0.414545911122032 0.244850255889242 -0.0680825867128305 -0.14113943717017 -0.00607767777325212
-1.22762577650461 0.0323167084971478 0.34121934193596 0.250490377942398 -0.107274424579599 -0.0528240254218252 -0.0150527058195992
-1.12766140497393 0.0501605910394557 0.356918645679665 0.243308882275771 -0.115527519901135 -0.0697042131717456 0.0168416232580929
-1.15198908309838 0.015667948958551 0.351798909078217 0.279126988140933 -0.100801959647615 -0.0675210620497873 -0.0450133946069953
-1.1864186883045 -0.0185186484112364 0.376766490806798 0.276027747903447 -0.059093441891073 -0.0992787491980165 -0.0475022057830517
-1.23799518563682 0.0138964958586949 0.343495374698531 0.260191551063501 -0.0726348275808713 -0.059051183481538 -0.0197968917754719
-1.26056379059355 0.0378635644017227 0.323543554609049 0.250230750396346 -0.0990383123547985 -0.0223541074197066 -0.00647521521913248
-1.24816829251207 0.0296486657128848 0.36361876824574 0.22123537123852 -0.0894161600891841 -0.0683837765510797 0.0182007102210105
-1.25393958248484 0.019562320874248 0.337601074206126 0.253613575790654 -0.082813486074589 -0.0464645450689804 -0.00394172517035006
-1.08380702908729 0.0285715746652237 0.354690079725103 0.282680003898855 -0.109766208690628 -0.0694680881478648 -0.0436309003428157
-1.21447109448583 0.0150489416249095 0.378236090571441 0.233012834566293 -0.0777551399764005 -0.0941009012750429 0.00766729370507633
-1.14353285231483 0.0289454706607919 0.384928272966817 0.234161365133326 -0.0977825069414802 -0.0927526064178341 0.00965472931824949
-1.22559831875129 -0.0180787775252272 0.397456046653893 0.24390986526124 -0.0406406383733437 -0.112974853150324 -0.0101364410927072
-1.15473185491509 0.00813711345684746 0.371714340828812 0.265618626623233 -0.0968491612385858 -0.0875399039366342 -0.0188018165242482
-1.21825344086186 0.0566197303913395 0.313378139389248 0.254766437901402 -0.127205286807364 -0.0349095141594655 -0.0158129469978025
-1.30877401951866 -0.00698423973213851 0.344680982013257 0.258698304363197 -0.0686303612867703 -0.0526651158704208 -0.0242513010845348
-1.17247167389065 0.0236282221455458 0.337606238739437 0.27752362296904 -0.096405567870784 -0.0651068734155057 -0.0399100398926811
-1.18835690837007 0.0367805953946878 0.366501473714026 0.229384306662648 -0.111731014590609 -0.0791805553798499 0.0158140761952106
-1.35595687325636 0.0838839037687066 0.290267937710029 0.207738149879053 -0.130185850370818 -0.00469253703666856 0.0325907475405607
-1.39251345706854 0.016939075521625 0.314529285125071 0.241037919090022 -0.0859371152354274 -0.0335863356021518 -0.00144516622722853
-1.24604424223102 -0.00868904746928978 0.355540189513755 0.270074309162271 -0.0506303210469812 -0.0674598942206384 -0.0290761847612218
-1.10051047712505 -0.0182434523290202 0.367036419960571 0.311779930068547 -0.0815581863690028 -0.0806700189513931 -0.0710436644776131
-1.2510253073739 0.0803005588494779 0.328501937055049 0.205145715116159 -0.121613373963502 -0.0267728149709948 0.0322664228942969
-1.2653362644289 0.0173142553612585 0.370219041941797 0.220947633710138 -0.0777317715036099 -0.0834284353468546 0.00620304995950659
-1.19965355559699 0.00945964218358939 0.306379576540492 0.313175755889126 -0.0949589467677867 -0.00756366348960475 -0.0654930814983382
-1.29588577985787 0.0522015269487108 0.319840581923398 0.228910285054099 -0.107957022501052 -0.03515608641806 0.00713543195578156
-1.2629689136472 0.00300580729125741 0.366917601243828 0.241012505316955 -0.0811749422065105 -0.0788749507947127 0.0270948757287411
-1.16348175772546 0.0315019389230932 0.364347799703847 0.244099018266109 -0.114835062529935 -0.0805043001685178 -0.00675898577678601
-1.4005152786497 -0.00396786427676024 0.314110114435169 0.261387696338476 -0.0557547611402471 -0.0269517839789793 -0.0131309898145384
-1.11019703738224 0.0265084727185017 0.361632593815522 0.269345561324032 -0.105159948750441 -0.0847168782118423 -0.0113260249952811
-1.22080162540483 0.0222405761182752 0.326744632802728 0.273756302128026 -0.0896638351509981 -0.0486439594713574 -0.0361492240820114
-1.28483457338538 0.054395443699923 0.324820931245808 0.225556212790152 -0.12526743911678 -0.0354771702034609 0.014174909788601
NA NA NA NA NA NA NA
-1.39450651545133 0.0115083884637032 0.274142509928368 0.284223127815808 -0.0719236537691758 0.0164430936946391 -0.0394780429615305
-1.181786677494 -0.00571883158879761 0.33476715327616 0.307182248263145 -0.0753871542251821 -0.0536886102671385 -0.0659912855047701
-1.32362340706951 0.042759401367409 0.352895129501375 0.196399747980875 -0.103242810772136 -0.0710933299803425 0.0561063977791879
-1.14423369355745 0.0193686375638522 0.336784580280555 0.291898132546204 -0.102784765679774 -0.0451945140759954 -0.0461342951654861
-1.19508932789064 0.0481690589079554 0.316847634207487 0.267423113614434 -0.120348298231977 -0.0367931591373346 -0.0337246019034646
-0.971246846488867 -0.00635018173216128 0.385998235676575 0.319996735781699 -0.0961795226973331 -0.0847125980534204 -0.0700333707274124
-1.16260889790002 0.0238532641343149 0.332477257989823 0.284129322448935 -0.0877499177279827 -0.0426513940449902 -0.0321013640477787
-1.32915599347831 0.0569550677878074 0.316608161718218 0.217518270052757 -0.114259585550162 -0.0260308748858228 0.0252000299755055
-1.2368105563346 0.0433951212557231 0.33364168299513 0.24233494789284 -0.110663388644724 -0.0510351565184156 0.00392964140704498
-1.28497550364276 0.0650583916004459 0.315049413314028 0.222988068142524 -0.127230084780681 -0.0402639268663828 0.0144331318597607
-1.20381534022413 0.0356861021965502 0.343211124679088 0.249539367743597 -0.106194665696354 -0.0560863241606124 0.00506183280273459
-1.28368282658173 0.069376866914399 0.301391436458722 0.233650945171224 -0.115813928851147 -0.00871491625027185 0.0229595511100903
-1.14174529578052 0.0394313463516513 0.375838092144089 0.233319078294724 -0.123372126542505 -0.0993564216780589 0.0109682721606003
-1.26415418008711 -0.000696354529268797 0.36810835737781 0.243460851163733 -0.0652392948197689 -0.0918906292745896 -3.26353780028906e-05
-1.17331438039581 -0.0228925544785571 0.370518603649636 0.290454494702284 -0.0516744606670646 -0.0684556260063349 -0.0501182778434802
-1.11024958882744 0.0237881781252863 0.359473301789876 0.273029453033827 -0.0929549184451542 -0.0716669278291817 -0.0285710262534879
-1.14711569567478 0.0708980862179011 0.37553575326066 0.199762132652583 -0.143782849403883 -0.0872740014759423 0.0332127280533821
-1.17018084140955 0.0132009050179447 0.350960945728906 0.274620506786397 -0.0900481175730565 -0.0658462156066277 -0.0351902380965051
-1.17856562166422 0.0610775937981962 0.349896596198725 0.224446022572776 -0.142385470597463 -0.063488631513064 0.0201432950743763
-1.18777973555054 0.00110074901916934 0.341715602229363 0.290789572245712 -0.0783208188171326 -0.0531299381478472 -0.0571602449200849
-1.15069777380971 0.00923825421183777 0.355996187193607 0.279109053968636 -0.0715712935846879 -0.0531302924271145 -0.0434164495254558
-1.39973688633808 0.0222481195380509 0.308555889694586 0.239413994792986 -0.0910415383914077 -0.0194830436260165 -0.0100413996025637
-1.14189133935201 0.0545549728033618 0.362173689287029 0.22948021809342 -0.122447851388393 -0.0645704910000335 0.00218787263641715
-1.17059757657073 -0.030646224355795 0.39155419971592 0.277498161436626 -0.0472293628938272 -0.102213034490482 -0.0302329064091706
NA NA NA NA NA NA NA
-1.16748078886092 0.0380361052537088 0.3713076785328 0.230462117232725 -0.111542715655159 -0.0684140443345 0.017885891998137
-1.1703064728676 0.0536046772524036 0.343130249200424 0.240446864445512 -0.11632637590365 -0.0460945440963585 0.00367835550667799
-1.14773638295795 0.0209583589588781 0.369639271719208 0.255290119299656 -0.099600107675586 -0.0813790883202253 -0.00752970938416797
NA NA NA NA NA NA NA
-1.3318501810405 0.0409986983869889 0.356898148200524 0.19128961458858 -0.103716126808847 -0.0631827260226992 0.0548017223645699
-1.29074549769748 0.0135299970936299 0.330657567539688 0.256652854946944 -0.0733663623914372 -0.0282896000668985 -0.0161552725414934
-1.24798528818412 0.014148486160181 0.345425759624281 0.25574276326927 -0.0902869765213595 -0.064919962401675 -0.0084368593179859
-1.05067192811821 0.0294816653182303 0.366881426200662 0.277218903638128 -0.0989021528854954 -0.0738066406939325 -0.0301863099301801
-1.23844628770386 -0.0243854440309721 0.400114772032076 0.244429546750857 -0.0488193729792781 -0.117512467473343 -0.00654016991537974
-1.28931615603753 0.0241899663806613 0.337859303722435 0.242188381715588 -0.0965614577958326 -0.040030462309543 -0.0011684171757491
-1.18804744177068 0.0053735302192415 0.342169894219445 0.285307711584663 -0.0800076267024956 -0.0496588924749355 -0.0462295335018148
-1.12728698007337 0.0152662802835732 0.353625239347515 0.285544956568262 -0.09242604538482 -0.0868664978550011 -0.0400608778528835
-1.27257808318201 0.0263859018490898 0.315327872685263 0.268349530784908 -0.10734947402481 -0.0238202144751979 -0.0244491071987978
-1.4250370259588 0.0150356212155143 0.290630479007019 0.25546782813981 -0.0715823831956764 0.0114580716923138 -0.00513213818287578
-1.18892088410434 0.0429629482251681 0.363542481622609 0.225887810898257 -0.103978746041478 -0.0776358460920516 0.0414098702280032
-1.17635860962616 0.0445692956064049 0.342749233019412 0.250213548794397 -0.106706040300816 -0.0502083663405423 -0.0159529761730765
-1.16770629110766 0.0172351577058946 0.370355134794368 0.250886757559058 -0.0857338223510905 -0.0770080179879842 -0.00776439062514044
-1.1807661091352 0.0355043581342083 0.360691071594221 0.238926315121824 -0.0954654520027201 -0.080845993620095 0.0114444052676227
-1.08371788130133 -0.0308888689960112 0.415633824799914 0.280690727762731 -0.058822389880771 -0.115267337385111 -0.0269194096827347
-1.1124414357495 0.0520484959142856 0.374950021204813 0.22922899402294 -0.122942086223512 -0.0757615102176912 0.0103635655298129
-1.13582729440863 0.029632449826284 0.401183746765283 0.215938326287934 -0.0928628623949936 -0.120334716174884 0.0382903629356058
-1.27069970415408 0.00225127635872916 0.339037702966027 0.266441719792689 -0.0678239705450876 -0.0384858787930715 -0.0142992078494493
-1.09064505031104 -0.00585269204604523 0.384850922289101 0.284424902547609 -0.0700400408563914 -0.0950617097186389 -0.0261058857101855
-1.26901815156326 0.029357079803763 0.348881180818515 0.230558353580897 -0.0844726401189555 -0.0587237930947147 0.0141429768439219
-1.35842835026185 0.0355189210299564 0.321289361757676 0.226677617146704 -0.102288911717954 -0.0342928860955503 0.0129858758109993
-1.22350849852981 0.0208029868509368 0.330085811754491 0.26968166703343 -0.0863552675577276 -0.0386746218783722 -0.0214042296451802
-1.23057325211558 0.039355458096565 0.330801856942875 0.249635114185643 -0.101628640521998 -0.0480654111571273 0.00548527655769649
-1.17403734209593 0.0236411487393615 0.37012441387581 0.244598333613885 -0.0808790612869982 -0.0721896683327551 0.0104829741895039
-1.18644519946505 0.00313513037208292 0.292997713051443 0.336088044809715 -0.092276366657856 0.008495246464901 -0.0920722017678463
-1.23421608924575 -0.00978197040504488 0.370475476760894 0.260835530065238 -0.0688315251696665 -0.0914790036808743 -0.0316315416320879
-1.19247690361533 0.00386309697432426 0.370169142885816 0.258420202509413 -0.0770947123673134 -0.076835389528982 -0.0149780807480738
-1.12039132406919 -0.0144225949047403 0.354902895834113 0.314436903769695 -0.0696616036536455 -0.0614824442856661 -0.0764320938440441
-1.24944535256018 0.054394886120929 0.33792449498648 0.222159381613173 -0.116224008260161 -0.0542327257972596 0.0144684991818708
-1.1611209272822 0.0153209006383781 0.362855319967213 0.261895187259381 -0.0938721755397158 -0.0633209471640286 -0.0155342056739698
-1.16016482133365 -0.0158344812146016 0.376044634990892 0.281816485756091 -0.0516748745738609 -0.0875593882125556 -0.0556773823486001
-1.3356783260949 0.000343391317479346 0.327180528990824 0.261051536406671 -0.0589800099504142 -0.0258170956336733 -0.0408374934482735
-1.14577606194803 0.0382853178858993 0.362951878491822 0.244248796280947 -0.107709956399422 -0.0652357660045026 -0.0244525213864166
-1.15632844331702 0.0158730011454723 0.331176361035402 0.296507935324983 -0.0981923889202748 -0.0412792973483351 -0.0531855296487856
-1.19657098344886 0.0540548436589036 0.370519116369624 0.206834477389161 -0.117833401764206 -0.0953888573539236 0.0368239645017451
-1.19861978645558 0.0294018230344811 0.347591932990433 0.254301038359653 -0.108517952725143 -0.0592611792165393 -0.0174790803496335
-1.19631728188677 -0.0108771344488961 0.381395424386248 0.261361526409132 -0.0802580565106907 -0.097904983629121 -0.0202866323485299
-1.15169750028505 0.0197270128083753 0.352156479789512 0.272177367339501 -0.0889333332020566 -0.0626771325167821 -0.034310569753334
-1.27486872740923 0.013441678856001 0.337066838208715 0.257746848600843 -0.0722401437159718 -0.0391735322048048 -0.0372714756023823
-1.23805194109876 0.0109381869219739 0.32733855250513 0.279961956717032 -0.0908837902867791 -0.0301922911131892 -0.0417167697051197
-1.23330050205994 0.0135321733422453 0.373184371994635 0.233361254486667 -0.0629268370340401 -0.0962522126793881 0.0159655175308969
-1.13278761175499 0.0388760073447662 0.380764942311947 0.229763083692975 -0.120663488288212 -0.0941473284089489 0.0275540351524045
-1.28362245409664 0.0484657592089454 0.335820563874637 0.2203608764326 -0.111164117075687 -0.0487465281859213 0.0237234306928703
-1.22340954683151 0.0301915395090664 0.356909556875658 0.236142230130699 -0.105040205371674 -0.0741145611632688 0.00305883589798935
-1.21493495213106 0.063214970319691 0.349706209340605 0.210350713088995 -0.125529077446602 -0.0566596523480056 0.0354109714588162
-1.13093423399553 0.0527118749544318 0.350847012492261 0.248129128495098 -0.112296175087208 -0.0573357048985336 -0.00816039289316867
-1.21415683870668 -0.0327702918809978 0.37690159754322 0.282388938688292 -0.0500255329946127 -0.0974771409511194 -0.0331629762580766
-1.24350842915341 0.0294705228979624 0.332792883021564 0.253235140948697 -0.102583241823772 -0.0413071920201094 -0.0153988184651727
-1.15321111336599 -0.0248410471808543 0.382261636801689 0.287658427676011 -0.0628587878893203 -0.0915159488679925 -0.0442616485699147
-1.20242001715828 -0.00282014789932835 0.375530764832791 0.256475581820197 -0.0843424126478549 -0.0830433708203718 0.00971129607148592
-1.25698191444697 0.0728699152398857 0.33523323456426 0.206395447408364 -0.137558015908037 -0.0464160020761078 0.0345013719138178
-1.16386386646237 0.0181242189944059 0.383483425414871 0.239211407898204 -0.091417728985659 -0.0835583518302225 0.0143079328981111
-1.25455843802075 0.0327945010778594 0.355645960999758 0.224296811211076 -0.103870568180489 -0.0546505512861158 0.00227696691850111
-1.22766156444448 0.048336158225243 0.351350642427341 0.221438841554842 -0.104104128566332 -0.0647145997538837 0.02522473165499
-1.21123748898917 0.0589712545425142 0.343633119154362 0.224334863401682 -0.1180043868738 -0.0552154471313015 0.0322188823073362
-1.28321958413267 0.0415051199830228 0.326531864289465 0.235198371616182 -0.0940946049631989 -0.0237790385970022 0.0195775924875378
-1.25739132890966 0.0135085732963456 0.359674816091726 0.239063930490458 -0.0827671699247644 -0.0662757766994382 0.00265100352220729
-1.18831900059972 -0.0189235455630009 0.351900968145355 0.299886227378188 -0.0745180852023507 -0.0493431521415682 -0.0541660230850354
-1.28671088778078 -0.00955237128127947 0.405433963955895 0.207367042922676 -0.0550121177573827 -0.107506257139443 0.031912935384614
-1.20050867993448 0.0220577160604309 0.360498883413467 0.248069933202706 -0.10173866224223 -0.0800924005042906 -0.00226411845854629
-1.19540914824218 -0.00802348038354601 0.375937533681109 0.264848919113626 -0.0658789224560235 -0.0995824976009837 -0.0218798561366257
-1.1694303996976 -0.00880254135125275 0.388654754348227 0.259377631725095 -0.0726401937036164 -0.0933773788150896 -0.0170428340748713
-1.17268613811263 0.0281988400869494 0.360768750080705 0.247488456993882 -0.0985232244966959 -0.063082355964843 -0.00151377512608713
-1.31328383055281 0.0130221747318718 0.359579369247506 0.221927936479034 -0.0675953752282678 -0.0764619406309445 0.0335534081402558
-1.2109037263815 0.0703395901591042 0.32613176724557 0.229717824097849 -0.138210106441118 -0.0345185513334443 0.0276650142188208
-1.28262527105271 0.0478401691650582 0.319855913384467 0.236515802526704 -0.0888864316851597 -0.021121494858832 -0.00746598606718628
-1.30046001173186 0.0459199376455509 0.34027015533033 0.213562218266062 -0.0987064652622364 -0.0497792191511301 0.0281666505198436
-1.24302681598091 0.00579715706859496 0.329063524534321 0.282821662629757 -0.0738051324944738 -0.0484010591881996 -0.0413690631779139
-1.0965752429363 0.00427853719728693 0.377591624327436 0.280412844292327 -0.101552013512677 -0.0984744574669613 -0.0324993131025336
-1.20649252072834 0.0365030544195682 0.35597447244104 0.235605291302375 -0.0987993897889886 -0.0623285451952154 0.0103696674569644
-1.26385999924574 0.0139788515261244 0.326441142676419 0.269597692925294 -0.0899364360645857 -0.0270887257229062 -0.0313434554367428
-1.1711914013812 -0.0184396038484838 0.395094458102348 0.264446722560504 -0.0734192902291744 -0.0960702026698185 -0.0151294293436588
-1.28259205866893 0.0150409415851736 0.346524140246134 0.245802661209963 -0.0991726858704651 -0.0593148567707049 -0.00762000017940516
-1.22716017751646 0.0252826918367219 0.363387779153659 0.230413332858923 -0.0732783354372016 -0.058987765889923 0.0137424382335795
-1.31324752603767 0.0241653919490879 0.355161950447583 0.217237444141354 -0.0670016610710702 -0.076167525650039 0.0144663249595867
-1.11334999627165 -0.0215746591767391 0.376485158049176 0.303397134104436 -0.0628428231287592 -0.0928077744633101 -0.0743876172770513
-1.29376499933554 0.025138377330732 0.37170909260649 0.206571144835873 -0.102065486025909 -0.0723920024657889 0.0277719008365942
-1.10611929697437 0.0201213574325723 0.366009636149545 0.271850069534753 -0.102028498378269 -0.0692449296251433 -0.038011287215206
-1.22998864382712 -0.0107439823989462 0.356284750020557 0.273459752544554 -0.0605955584957484 -0.0581794590672073 -0.0280570754435843
-1.30187854398579 0.0411118526206043 0.318994458649196 0.241209102890148 -0.107545348398838 -0.0418206434448212 -0.000653669777040439
-1.1428314365184 -0.00373533296330848 0.366852140482502 0.285452895191321 -0.0726904093032295 -0.0848315043721583 -0.0518863884871563
-1.19509800907987 0.00954974713922904 0.369679079098693 0.252559946928366 -0.078664786924262 -0.0893913696954637 -0.00867466728085676
-1.24025928755075 0.0826639162572358 0.312005732228173 0.22336419244241 -0.138643929237514 -0.0107114573860803 0.0228450010688438
-1.1353909051664 0.012963590732948 0.370189523834404 0.266512913584621 -0.0923364087050548 -0.0839310272791266 -0.0228088640959966
-1.26914454653948 -0.0077480926679417 0.363599674743605 0.252262446725862 -0.0591391716812745 -0.0797073449434148 0.00941750327704991
-1.34866180886286 0.0248970896852442 0.322831555050004 0.238762741741802 -0.0754761400922402 -0.0243246160047816 -0.00113564463741859
-1.22244221611223 0.0841090369623261 0.343228941454466 0.194480734651434 -0.137529035245084 -0.0521220341043024 0.0472011306768505
-1.20601892552363 0.026656131868379 0.353556467531017 0.248312373417251 -0.0787087668324644 -0.0461440954931504 -0.00861391227923817
-1.47760527659918 0.0227418019905689 0.334363934411086 0.189076940109459 -0.0796315270011115 -0.047151708750693 0.0418317093267571
-1.45310918403945 0.0104079695734944 0.353596907510599 0.189828588362328 -0.0650069603374711 -0.0512707580888216 0.0604759548091059
-1.16908118606851 0.00564312095237735 0.341775932588512 0.292836972116367 -0.0916591063841747 -0.0644932593710389 -0.0607769490263205
-1.15489864767611 0.014646417366962 0.368228512543342 0.259409695064646 -0.0743158452946294 -0.0843701594411067 -0.0113831242349161
-1.15211060714682 -0.0282089345308908 0.357042964497114 0.314567790778493 -0.0607699629393515 -0.0567997818666457 -0.0588896288649392
-1.22637552230526 0.0161032494139486 0.390250780566225 0.214464553646406 -0.0951522687652912 -0.090162338269069 0.0354387860379682
-1.2939735854202 0.00869288365618565 0.338029513076286 0.253940785978436 -0.0678972767627403 -0.0487297437289919 -0.00592084110820871
-1.17758031250612 0.0293133318605604 0.393673455184705 0.212428309187718 -0.0916434788806902 -0.0958273355869481 0.0266084609242319
-1.16122697155634 0.0743176991024246 0.317681351482708 0.246866516335211 -0.149565877873875 -0.0144033173005888 0.0167618895412073
-1.23873392304732 0.00256278167854498 0.333901998367462 0.282979326268168 -0.0875180638447081 -0.0433102264522839 -0.0299056226204774
-1.18673554773601 0.0146132605486439 0.376638389784549 0.242491478124894 -0.0781549551940041 -0.0930810340636228 0.00817454385130673
-1.30348402626102 0.0709122622133821 0.31923800418282 0.209174438362483 -0.137620852377012 -0.0346700781194811 0.0362834168141104
-1.13143109816947 0.0505815888289972 0.330097998081462 0.270305754658057 -0.113245605403733 -0.0429823723031824 -0.0321731410692067
-1.24783480713152 -0.005755980401896 0.371398298255527 0.250468654578567 -0.0595131106246209 -0.0813216994823892 -0.00647883356141285
-1.18514253959997 0.0128261495252339 0.384870586730014 0.235954033488954 -0.0831724958338413 -0.0870624575194919 0.000463346448629732
-1.24561457805795 0.0152641655358648 0.370319036076159 0.23112791429529 -0.0759179402398257 -0.0824199917073112 0.0176517948851458
-1.2473327175826 0.0629243859829774 0.322238928882291 0.230782656909304 -0.11524155701151 -0.0355294516482954 0.0125256748727193
-1.14690515345293 0.0420214553803704 0.360839396880307 0.243400130970895 -0.120266951071111 -0.056894376789606 -0.00675544099542788
-1.19691102325067 0.0440526811219964 0.332550101319991 0.256064704990536 -0.122453292656271 -0.059126655898549 -0.022321446206798
-1.2388902207923 0.00367122208814438 0.326249915718981 0.287903636302148 -0.070956271331935 -0.0317402180805278 -0.0603902137955628
-1.28732010375124 0.0380374873457683 0.292802918639738 0.271393869226509 -0.103136415192378 -0.00498974512167549 -0.0356029785459491
-1.16950868977231 0.0499989003755563 0.368291863581542 0.222314506131176 -0.113700717540254 -0.0744707960542656 0.0206793098456248
-1.38844244447578 0.0428861766183846 0.313268336567343 0.215015451715794 -0.0833898536214107 -0.0202892684867781 0.0320136732324661
-1.27891588653369 0.0152294643601868 0.325298313999553 0.264783149637767 -0.0789557084410964 -0.0420052256290177 -0.0318403834812227
-1.1420678645003 0.0133631412646066 0.353624341796391 0.281073641300304 -0.10305503140688 -0.0709439827772642 -0.048260576037968
-1.24940288834125 -0.0018520109070112 0.347773109409957 0.270583112497356 -0.0668771342127442 -0.0698374838483698 -0.0112994598121447
-1.2142572358155 0.0235197171097445 0.330684388676926 0.270841292988489 -0.10023769588174 -0.0225711306898764 -0.0235524290864282
-1.13659365618538 0.0419422381740794 0.357539063625447 0.247659285518593 -0.100307510811776 -0.072915196059045 -0.0128902141841288
-1.18119131737246 -0.0411062387351037 0.367431493460742 0.307533287107762 -0.0361502016367403 -0.0822594653961068 -0.0707403455913789
-1.27743116979246 0.00604534863649717 0.340629585331925 0.259891473034663 -0.0857193638543726 -0.0506256261807782 -0.0134344196799001
-1.28531076435779 0.0545853891972663 0.32948516744819 0.219065816374665 -0.10840171466999 -0.063534857337187 0.0288498679478095
-1.17276930541329 -0.00532594738463117 0.365893066597483 0.276702706345788 -0.0782987708314091 -0.0538027432930534 -0.0252897791326318
-1.28307303418925 0.075128357170206 0.304816493375022 0.223717863656143 -0.137377677782306 -0.0103247358053104 0.0204013165388501
-1.32030912017962 0.023010027176817 0.324845542246807 0.246601438612527 -0.08920035055674 -0.0313906071890352 -0.00915903445076602
-1.15747731166439 0.00268394576741284 0.369475382191338 0.270360099695572 -0.100117188219133 -0.0889503376733846 -0.020045130014939
-1.18222773902264 0.0677301916000331 0.355359131012495 0.21263296345889 -0.111738422788826 -0.0672914651049633 0.0395559424688235
